order_id,order_date,customer_id,category,sales_amount,quantity,profit,profit_margin
1000.0,2024-12-07,66,Fashion,314.29,2,45.14305348813439,14.363502971184062
1001.0,2023-02-12,131,Electronics,66.17,1,19.03569141378604,28.76785766024791
1002.0,2023-07-25,7,Sports,339.87,6,79.18919525086056,23.29984854528513
1003.0,2024-07-30,105,Sports,136.33,5,27.2202777876455,19.966462104925913
1004.0,2023-12-21,135,Uncategorized,287.92,7,25.62622173904658,8.900466011060914
1005.0,2023-11-28,121,Home & Kitchen,394.19,5,35.08236999283193,8.899863008405067
1006.0,2024-05-18,24,Sports,24.19,9,1.5607606445871864,6.452090304204987
1007.0,2024-01-14,128,Sports,148.49,5,39.57912397153004,26.65440364437338
1008.0,2023-08-12,191,Beauty,322.81,8,64.65198423520631,20.027875293580223
1009.0,2024-03-03,89,Electronics,372.53,5,84.5710693515902,22.701814444901135
1010.0,2024-08-26,112,Beauty,95.39,5,5.260388727719149,5.514612357395061
1011.0,2023-01-12,96,Sports,183.77,6,53.74858338295243,29.24774630404986
1012.0,2024-08-14,101,Electronics,279.89,7,72.24259268340751,25.811066020010543
1013.0,2024-04-02,104,Uncategorized,453.32,9,46.73039141316904,10.308477766956905
1014.0,2023-04-19,121,Beauty,421.47,3,40.23194223219418,9.545624180177516
1015.0,2024-01-14,191,Beauty,440.9,2,42.26076209859474,9.585112746335845
1016.0,2023-05-08,29,Electronics,325.25,6,41.001197380647405,12.606056073988443
1017.0,2024-08-31,145,Home & Kitchen,100.73,10,18.25117883957883,18.11891079080595
1018.0,2024-12-06,82,Beauty,119.19,3,18.83038169298845,15.798625466052899
1019.0,2023-08-16,166,Electronics,230.51,10,28.30830727676266,12.280728504951046
1020.0,2023-05-25,147,Home & Kitchen,116.71,3,23.687837835762227,20.29632236805949
1021.0,2023-07-22,142,Beauty,18.63,10,1.5811926559868847,8.487346516301047
1022.0,2023-03-18,74,Sports,32.51,1,3.999905630969985,12.303616213380455
1023.0,2023-03-17,119,Electronics,124.93,5,17.688896270670227,14.159046082342291
1024.0,2023-10-11,123,Fashion,231.19,8,37.91920491278413,16.4017496054259
1025.0,2024-01-13,17,Uncategorized,98.3,3,24.210699251233308,24.62939903482534
1026.0,2023-09-04,63,Home & Kitchen,59.11,6,5.906179315845161,9.991844553958993
1027.0,2024-01-07,197,Fashion,23.12,9,4.128275054030675,17.85586096034029
1028.0,2023-01-23,36,Uncategorized,209.19,3,41.44130091506267,19.810364221551062
1029.0,2023-07-31,29,Uncategorized,326.15,7,20.09495052715681,6.161260317999942
1030.0,2024-09-12,72,Beauty,448.59,10,90.56413627861654,20.18862129753596
1031.0,2024-04-29,127,Uncategorized,406.06,7,37.6137564161154,9.263103092182288
1032.0,2023-11-03,56,Sports,465.45,2,30.84206598874959,6.626289824631988
1033.0,2024-03-21,74,Electronics,292.44,10,83.9950216285912,28.722138431333335
1034.0,2024-01-17,73,Beauty,406.64,6,118.4981524823597,29.140800826863984
1035.0,2023-07-12,112,Sports,244.42,8,61.61811995665636,25.20993370291153
1036.0,2023-08-13,118,Home & Kitchen,449.62,4,56.72111072393274,12.61534422933427
1037.0,2024-03-06,3,Beauty,262.03,10,19.49975600827319,7.441802850159597
1038.0,2024-04-27,133,Fashion,312.32,8,69.04091471006922,22.105825662803923
1039.0,2023-05-01,190,Fashion,343.21,8,54.92668434409213,16.003812343490033
1040.0,2024-04-24,150,Fashion,112.26,3,9.03800306091872,8.050955871119472
1041.0,2024-02-03,126,Uncategorized,228.97,9,39.79366427704438,17.379422752781753
1042.0,2024-02-03,151,Fashion,327.66,9,19.19993570715312,5.859713027880461
1043.0,2024-12-05,168,Sports,144.61,7,40.10470583615317,27.733010051969554
1044.0,2023-09-28,6,Fashion,260.28,6,29.8528134027131,11.469499540000424
1045.0,2023-06-30,95,Home & Kitchen,59.08,1,12.739454139908313,21.56305710884955
1046.0,2023-05-18,15,Electronics,234.9,7,30.050232943350665,12.792776902235275
1047.0,2024-02-12,6,Electronics,363.99,3,65.52438975712784,18.00170052944527
1048.0,2024-09-22,73,Beauty,168.44,10,31.443969863145504,18.66775698358199
1049.0,2023-06-29,158,Fashion,391.17,2,37.63587934198011,9.621361388138176
1050.0,2024-05-20,127,Electronics,399.05,2,116.68068642736178,29.23961569411396
1052.0,2023-11-12,146,Beauty,38.64,5,11.007559775510067,28.48747353910473
1053.0,2024-04-26,145,Home & Kitchen,481.26,6,131.72415266670257,27.37068376069122
1054.0,2024-11-07,78,Electronics,307.3,1,61.29866587216162,19.94749947027713
1055.0,2023-03-10,168,Fashion,124.73,3,34.98284333360834,28.04685587557792
1056.0,2023-11-20,151,Uncategorized,196.35,4,14.161375694473598,7.2123125512979875
1057.0,2023-09-25,123,Sports,67.78,6,6.709929603692416,9.89957156047863
1058.0,2023-02-22,147,Fashion,135.3,7,8.294813047398952,6.130682222763452
1059.0,2024-06-14,172,Home & Kitchen,305.47,5,40.1181640345636,13.13325826908161
1060.0,2024-09-30,135,Home & Kitchen,308.79,10,45.44441507080379,14.716932242237052
1061.0,2024-08-10,147,Home & Kitchen,290.69,8,34.25411251158845,11.783725794347397
1062.0,2024-02-19,160,Electronics,306.46,8,78.81672426367506,25.718437728798232
1063.0,2024-04-21,79,Electronics,448.98,8,62.492777154721935,13.918833167339734
1064.0,2023-12-31,55,Electronics,316.59,2,38.06476410548197,12.02336274218452
1065.0,2024-11-29,50,Home & Kitchen,60.29,9,11.1942867134027,18.567402078956214
1066.0,2023-09-14,3,Fashion,134.8,3,11.489146381649505,8.523105624369068
1067.0,2024-10-26,95,Uncategorized,263.68,8,66.0648249713063,25.054924518850992
1068.0,2024-05-26,95,Home & Kitchen,377.98,1,25.943663074519947,6.863766091994271
1069.0,2023-10-09,32,Fashion,405.39,5,120.28802380712092,29.67217341501293
1070.0,2023-12-31,151,Sports,372.94,2,90.64724106537383,24.306119232416428
1071.0,2023-10-21,123,Fashion,454.87,5,45.34095051486225,9.96789203835431
1072.0,2024-10-16,12,Beauty,160.91,9,8.267640966589715,5.13805292809006
1073.0,2023-09-02,63,Sports,106.94,4,27.14836128973999,25.386535711370854
1074.0,2024-12-31,182,Home & Kitchen,371.84,6,84.30145868407448,22.671433596190425
1075.0,2024-12-03,25,Fashion,347.24,8,80.64711225763811,23.225179201024684
1076.0,2024-05-17,40,Home & Kitchen,403.63,5,98.00846250821208,24.281758667148644
1077.0,2023-07-21,139,Fashion,127.05,7,8.704343250704046,6.851116293352259
1078.0,2024-10-28,23,Beauty,114.43,6,15.976308329330282,13.961643213606816
1079.0,2023-09-05,18,Beauty,76.05,6,6.005460494221529,7.896726488128243
1080.0,2023-01-12,193,Beauty,104.02,5,27.64600458989481,26.57758564688984
1081.0,2024-06-20,69,Fashion,379.16,1,78.04042944198422,20.582453170688947
1082.0,2024-10-28,176,Home & Kitchen,99.89,3,13.25785092563278,13.272450621316228
1083.0,2024-10-19,195,Sports,246.49,8,16.241124440500492,6.588958757150591
1084.0,2024-03-05,25,Fashion,408.83,5,52.22622564675354,12.774558042891554
1085.0,2023-11-18,135,Sports,35.4,4,4.647872399936711,13.129583050668675
1086.0,2023-07-14,49,Electronics,196.12,4,45.57859092391528,23.2401544584516
1087.0,2023-09-26,66,Home & Kitchen,251.9,6,52.74518175859456,20.938936783880333
1088.0,2023-03-31,172,Electronics,301.07,5,81.83178510186366,27.18031856440816
1089.0,2023-02-24,46,Electronics,212.13,6,35.64923801865108,16.805373129048736
1090.0,2024-03-02,142,Beauty,326.88,7,26.11724177807801,7.989856148457541
1091.0,2023-10-19,34,Fashion,142.85,7,32.61425446370121,22.831119680574872
1092.0,2024-10-08,55,Sports,415.67,10,99.84238028964644,24.019626215422434
1093.0,2024-07-02,84,Home & Kitchen,55.46,7,10.555108344301066,19.031929939237408
1094.0,2023-04-21,114,Uncategorized,311.84,5,75.69660134925756,24.274179498864022
1095.0,2024-07-28,154,Beauty,476.28,7,82.610241659108,17.344889909109767
1096.0,2024-06-19,133,Sports,354.45,9,64.04316284361195,18.068320734549854
1097.0,2024-11-20,188,Uncategorized,444.21,9,69.68999894126284,15.688525458963742
1098.0,2023-12-21,55,Beauty,76.61,5,4.317339824966283,5.63547816860238
1099.0,2024-12-04,196,Beauty,46.68,5,3.593092953011863,7.697285674832612
1100.0,2023-07-27,181,Sports,48.78,2,2.822278919449724,5.785729642168356
1101.0,2024-08-12,128,Home & Kitchen,40.26,6,8.41847078936995,20.91026028159451
1102.0,2023-08-19,156,Sports,310.27,7,39.897307562137975,12.858899526908168
1103.0,2024-05-05,91,Sports,140.4,5,24.870831259881065,17.714267279117568
1104.0,2023-11-03,161,Home & Kitchen,322.52,10,89.30308479266088,27.689161848152327
1105.0,2024-10-16,82,Beauty,209.64,3,23.54740572969253,11.232305728721872
1106.0,2024-06-06,47,Electronics,89.44,5,13.64816215907668,15.259573075890742
1107.0,2024-07-10,23,Electronics,350.61,10,83.75644617114457,23.888778463576216
1108.0,2024-04-05,175,Home & Kitchen,96.04,7,10.295443953453857,10.719954137290562
1109.0,2023-08-25,25,Fashion,291.8,10,20.20568442201045,6.924497745719825
1110.0,2024-08-18,30,Fashion,397.61,7,48.68251879826083,12.243786322844201
1111.0,2023-09-14,32,Home & Kitchen,363.67,6,32.84133638391595,9.030532181350111
1112.0,2024-04-27,170,Home & Kitchen,160.3,6,45.27263341762862,28.242441308564324
1113.0,2023-04-30,119,Electronics,124.6,9,31.402949823431584,25.20300948911042
1114.0,2024-02-29,74,Home & Kitchen,380.46,8,79.26919830048892,20.835093912760584
1115.0,2023-01-07,13,Beauty,321.89,6,86.22311234388111,26.78651475469294
1116.0,2024-03-20,6,Uncategorized,176.2,6,44.21175498740599,25.091801922477863
1117.0,2023-07-10,174,Home & Kitchen,202.16,9,19.53725077610025,9.664251472150896
1118.0,2023-05-05,150,Electronics,237.35,2,64.82971957289905,27.313974962249443
1119.0,2023-09-08,188,Beauty,161.97,6,29.93781573076949,18.48355604789127
1120.0,2024-06-16,109,Beauty,203.81,4,51.3315945059969,25.186003879101566
1121.0,2024-12-28,78,Fashion,78.56,3,21.527233130497407,27.40228249808733
1122.0,2024-11-12,100,Sports,274.56,4,35.555758522068736,12.950086874296595
1123.0,2023-01-31,109,Fashion,145.16,9,11.25178434110939,7.751298113191919
1124.0,2024-01-27,185,Sports,298.89,8,31.97638518304024,10.698379063548543
1125.0,2024-04-30,89,Electronics,473.84,3,74.28718864066633,15.67769471565641
1126.0,2023-10-15,63,Home & Kitchen,175.45,10,44.65267267027536,25.45036914806233
1127.0,2024-08-27,188,Uncategorized,340.93,4,90.40871943739629,26.518264581408584
1128.0,2024-06-06,147,Uncategorized,485.46,3,25.11674532191796,5.173803263279768
1129.0,2024-07-31,129,Home & Kitchen,246.49,9,43.79802565308604,17.768682564439143
1130.0,2024-05-02,74,Electronics,169.73,4,26.19829239111056,15.435275078719474
1131.0,2023-11-10,124,Beauty,89.75,9,9.471043997437013,10.552695261768259
1132.0,2024-12-15,131,Fashion,221.43,3,17.706947072174348,7.996634183342071
1133.0,2023-03-23,188,Electronics,454.26,2,61.054266940453005,13.440379285090698
1134.0,2024-06-26,189,Uncategorized,351.03,2,100.29889834110288,28.57274259781298
1135.0,2023-03-22,137,Sports,26.86,4,3.513307688519371,13.08007330051888
1136.0,2024-02-14,117,Beauty,348.71,7,62.6623694270323,17.969765543584153
1137.0,2023-07-25,157,Beauty,357.17,7,80.63282038714767,22.57547397237945
1138.0,2023-11-20,64,Home & Kitchen,89.05,5,12.54780402296903,14.090740059482348
1139.0,2023-01-25,136,Electronics,220.16,6,64.49488583296167,29.294552068024014
1140.0,2024-07-29,36,Home & Kitchen,469.69,7,136.49746749034006,29.06118237355278
1141.0,2023-10-03,75,Beauty,333.06,2,37.61765286189895,11.294557395634104
1142.0,2024-01-04,95,Sports,106.79,9,18.61479198606196,17.431212647309636
1143.0,2023-03-11,51,Fashion,143.38,3,17.95398301538211,12.521957745419243
1144.0,2024-08-18,105,Fashion,200.31,4,24.279599857187637,12.121012359436692
1145.0,2023-05-16,123,Uncategorized,394.45,7,23.360014095998867,5.9221736838633205
1146.0,2023-11-01,89,Electronics,473.72,9,95.87670407323918,20.23910834949742
1147.0,2024-11-16,123,Sports,182.76,2,32.10540457132668,17.566975580721536
1148.0,2023-12-01,73,Home & Kitchen,389.32,2,24.476426859161464,6.286968781249734
1149.0,2023-08-27,106,Home & Kitchen,163.35,6,19.54672498326262,11.966161605915287
1150.0,2023-11-15,86,Sports,430.56,3,119.2937399654506,27.70664714916634
1151.0,2023-03-05,10,Sports,314.52,5,34.56275146314404,10.98904726667431
1152.0,2024-07-30,156,Electronics,253.91,1,21.893064243170613,8.622371802280577
1153.0,2023-07-15,129,Electronics,329.34,5,56.76609301745315,17.236319006939077
1154.0,2024-07-14,180,Electronics,344.8,10,102.2030691443338,29.64126135276502
1155.0,2024-09-13,16,Electronics,366.32,3,40.48342176502321,11.051381787787511
1156.0,2023-06-27,88,Beauty,253.49,9,55.26940997797904,21.803388685146963
1157.0,2024-05-01,78,Electronics,47.01,3,11.301434529150752,24.04049038321794
1158.0,2024-12-24,109,Sports,81.99,4,8.970475557984212,10.940938599809993
1159.0,2023-06-04,199,Uncategorized,453.01,3,105.12282202116462,23.20540871529649
1160.0,2023-03-17,155,Home & Kitchen,271.08,1,38.4786629043838,14.194578317981335
1161.0,2023-07-13,92,Electronics,100.88,9,20.990753047570077,20.807645764839492
1162.0,2023-01-25,11,Home & Kitchen,470.79,6,98.1043631322804,20.838242769022365
1163.0,2023-10-28,73,Fashion,47.53,10,8.742842683518319,18.394367101868962
1164.0,2023-10-19,118,Uncategorized,213.51,3,15.49494220107918,7.257244251360208
1165.0,2024-06-30,69,Sports,446.7,5,115.61740619492817,25.88256238973095
1166.0,2024-09-12,37,Electronics,151.55,5,19.73105471161664,13.019501624293394
1167.0,2024-07-30,67,Uncategorized,87.93,6,8.496643154864797,9.662962759996356
1168.0,2024-12-31,163,Beauty,136.05,1,8.189364502131408,6.0193785388690975
1169.0,2023-05-12,56,Beauty,478.4,9,94.59079600531372,19.772323579706047
1170.0,2023-01-21,174,Fashion,124.82,3,27.38439591128842,21.93910904605706
1171.0,2024-04-28,49,Electronics,203.06,7,10.995081135522618,5.414695723196404
1172.0,2023-02-25,197,Sports,22.05,6,3.925412983874787,17.802326457482025
1173.0,2023-03-27,114,Electronics,66.75,4,7.11714824861559,10.662394379948449
1174.0,2023-09-16,26,Fashion,390.99,1,82.61352733054771,21.12931976023625
1175.0,2023-04-25,14,Home & Kitchen,317.37,4,29.703168393328536,9.359160725124786
1176.0,2023-10-12,11,Home & Kitchen,335.58,5,74.74522153810638,22.273443452561647
1177.0,2024-09-06,62,Beauty,403.49,5,59.18546121970096,14.668383657513434
1178.0,2024-07-05,101,Electronics,464.22,7,131.92319884284174,28.418249718418366
1179.0,2023-10-28,31,Sports,337.12,1,28.44626517262431,8.438023603649832
1181.0,2024-08-27,192,Sports,279.5,7,21.903962296686164,7.836838031014727
1182.0,2023-10-02,190,Electronics,385.64,3,108.43171173823625,28.117340456964072
1183.0,2023-10-31,40,Electronics,274.05,4,73.81121244851447,26.933483834524523
1184.0,2023-04-27,70,Electronics,61.99,1,7.0969503755156245,11.44854069287889
1185.0,2024-12-24,115,Sports,304.86,5,65.54368406849495,21.499601150854474
1186.0,2023-08-14,60,Beauty,367.79,1,93.5310382530013,25.4305550050304
1187.0,2023-07-26,60,Electronics,431.7,7,81.50504759187197,18.88002028998656
1188.0,2023-09-11,121,Fashion,276.37,6,50.41338258506239,18.241264458900165
1189.0,2024-10-20,64,Home & Kitchen,288.84,2,31.90615392592161,11.04630727251129
1190.0,2023-08-19,134,Electronics,473.73,6,34.71289354817216,7.327569195147481
1191.0,2024-12-13,185,Sports,228.48,7,62.67296409429402,27.430393948833164
1192.0,2024-12-17,69,Home & Kitchen,92.08,3,25.331623675899863,27.510451429083254
1193.0,2023-11-05,5,Uncategorized,36.62,6,7.627043841336768,20.8275364318317
1194.0,2023-07-20,128,Home & Kitchen,288.33,5,38.854614913267966,13.47574477621752
1195.0,2023-08-14,136,Home & Kitchen,269.84,9,37.049677903370096,13.730239365316521
1196.0,2024-01-31,92,Uncategorized,50000.0,7,77.69462612480461,0.15538925224960923
1197.0,2024-03-11,105,Fashion,198.09,9,54.331642848501495,27.427756498814425
1198.0,2024-02-01,102,Home & Kitchen,92.03,6,25.011140906279685,27.177160606627933
1199.0,2024-08-29,43,Home & Kitchen,320.84,5,78.59581753324,24.496888646440592
1200.0,2023-02-15,53,Beauty,416.69,3,87.71654165900755,21.050791153857197
1201.0,2024-05-12,50,Sports,270.15,6,19.19010288585311,7.103499124876221
1202.0,2024-07-09,145,Beauty,191.28,3,17.29308510800443,9.040717852365345
1203.0,2024-04-29,14,Fashion,292.34,6,80.28783286850158,27.463854713176982
1204.0,2023-06-23,82,Sports,177.2,2,35.72480734291983,20.160726491489747
1205.0,2023-04-01,71,Electronics,84.57,9,4.4229486638045925,5.229926290415742
1206.0,2024-07-22,195,Home & Kitchen,283.13,6,21.33890948291492,7.5367885716508045
1207.0,2024-01-12,30,Home & Kitchen,457.09,5,98.6745059104003,21.587544227701393
1208.0,2024-11-03,80,Beauty,231.98,10,11.892546555161452,5.126539596155467
1209.0,2024-06-16,200,Uncategorized,10.46,9,0.943513054456759,9.020201285437466
1210.0,2024-07-18,154,Electronics,101.99,4,19.09083979437453,18.718344734164656
1211.0,2023-12-18,115,Sports,228.68,5,50.98964845209128,22.297379942317335
1212.0,2024-01-24,193,Beauty,164.68,5,35.075245053722064,21.299031487565014
1213.0,2024-12-03,131,Uncategorized,363.79,6,38.586233022164265,10.606732736513996
1214.0,2024-06-29,98,Beauty,446.56,10,101.83568827123892,22.804480533688402
1215.0,2023-04-22,35,Fashion,40.48,3,4.424960765467617,10.931227187420003
1216.0,2024-09-07,193,Sports,491.52,1,64.56111490981081,13.134992453981692
1217.0,2023-01-24,79,Sports,131.12,3,31.025988259768837,23.662285127950607
1218.0,2024-01-05,120,Sports,204.81,1,43.50332851346501,21.240822476180366
1219.0,2023-06-10,13,Uncategorized,316.0,8,82.88864942904006,26.23058526235445
1220.0,2023-07-14,41,Home & Kitchen,283.83,7,60.854066805401615,21.440322307508588
1221.0,2023-12-15,40,Uncategorized,365.33,9,70.17154551413695,19.207715083386788
1222.0,2024-05-05,147,Beauty,476.73,5,35.00089301667163,7.341869195702312
1223.0,2024-02-26,60,Electronics,471.86,4,66.97059470790609,14.19289507648584
1224.0,2024-02-14,96,Sports,287.77,1,33.467821336942535,11.630059192043138
1225.0,2023-12-22,200,Beauty,238.12,7,26.43070347035685,11.099741084477092
1226.0,2024-01-23,193,Uncategorized,292.18,6,85.6825559718924,29.325263868811142
1227.0,2024-11-17,160,Sports,358.01,1,53.08372910198672,14.82744311666901
1228.0,2023-07-07,162,Fashion,265.41,5,72.46001905238941,27.301163879427833
1229.0,2023-08-25,170,Home & Kitchen,488.0,10,101.39891237166609,20.778465649931572
1230.0,2023-08-19,13,Uncategorized,365.63,7,90.93321422848322,24.870282588541208
1231.0,2023-08-26,23,Uncategorized,201.71,2,35.43223201256208,17.565927327629804
1232.0,2023-09-20,146,Home & Kitchen,228.92,4,44.46220931716653,19.42259711565898
1233.0,2023-09-15,57,Beauty,112.63,5,19.499566963704662,17.312942345471598
1234.0,2024-10-05,57,Sports,219.98,1,21.736388113953456,9.881074694951113
1235.0,2023-02-15,126,Home & Kitchen,35.76,10,8.246721910437858,23.061302881537635
1236.0,2023-10-13,102,Electronics,400.42,4,48.12771734214187,12.019309061021396
1237.0,2024-05-13,101,Fashion,94.67,3,5.308998135516434,5.607899160786347
1238.0,2024-07-29,12,Beauty,129.79,10,27.433462321447827,21.136807397679195
1239.0,2023-10-06,123,Home & Kitchen,173.28,10,16.33643463191336,9.427766985176223
1240.0,2023-03-09,8,Home & Kitchen,223.8,10,63.80865779454555,28.511464608822855
1241.0,2023-09-15,176,Uncategorized,367.18,1,105.92487372595252,28.84821442506469
1242.0,2024-08-03,54,Uncategorized,258.32,5,71.99794232043656,27.871609755511212
1243.0,2023-01-17,142,Sports,77.01,9,10.976980376667946,14.253967506386111
1244.0,2023-06-19,139,Sports,89.51,9,4.821380436374732,5.3864154132216875
1245.0,2024-05-11,97,Home & Kitchen,46.46,6,13.105420104456432,28.207964064693137
1246.0,2024-07-06,49,Sports,185.58,3,29.1446035611818,15.704603707932858
1247.0,2024-09-16,6,Uncategorized,267.49,4,78.0171243864978,29.166370476091743
1248.0,2023-10-20,7,Fashion,49.27,1,14.332889067796872,29.09049942723132
1249.0,2024-11-18,27,Fashion,483.08,5,127.17195193679308,26.325236386684004
1250.0,2024-10-08,165,Home & Kitchen,76.89,8,9.50454382780761,12.361222301739643
1251.0,2024-08-10,159,Sports,230.78,8,33.757213451688074,14.62744321504813
1252.0,2024-08-03,174,Sports,92.62,2,24.339069628972823,26.278416787921422
1253.0,2023-03-26,170,Electronics,153.24,2,19.803282017537,12.923050128906944
1254.0,2023-12-11,71,Uncategorized,197.73,8,18.264950200560268,9.237318667152312
1255.0,2024-01-30,62,Beauty,13.33,6,2.522040207142452,18.920031561458757
1256.0,2024-02-25,193,Uncategorized,73.31,1,20.822876623431718,28.403869354019527
1257.0,2023-02-18,179,Beauty,153.49,3,34.382903372910405,22.400744916874327
1258.0,2024-04-20,6,Fashion,412.09,5,79.3336268955316,19.25152925223412
1259.0,2023-09-04,69,Sports,12.8,9,0.9509647800664592,7.429412344269212
1260.0,2023-04-30,91,Uncategorized,60.46,7,12.31883423155795,20.375180667479242
1261.0,2023-09-17,104,Beauty,62.8,4,18.683845446636933,29.75134625260658
1262.0,2024-02-08,153,Uncategorized,244.68,1,20.802939212018178,8.5021003809131
1263.0,2023-10-14,23,Uncategorized,235.18,2,42.23419191072591,17.958241309093424
1264.0,2023-07-02,95,Electronics,217.74,7,58.64680317039826,26.93432679819889
1265.0,2023-01-26,130,Electronics,361.41,8,85.00079653563677,23.519215443855114
1266.0,2024-03-30,147,Fashion,291.24,7,65.31171610186546,22.4253935248817
1267.0,2023-09-29,148,Beauty,430.19,9,97.05990702260364,22.562102099677734
1268.0,2024-08-21,47,Electronics,360.29,4,50.3947667182414,13.987278780493877
1269.0,2023-01-27,75,Fashion,495.27,4,61.11530817721891,12.339796106612335
1270.0,2023-03-20,150,Beauty,79.19,5,19.98282747558587,25.23402888696284
1271.0,2024-07-27,102,Uncategorized,401.58,3,101.41033425881636,25.252834866979523
1272.0,2023-02-23,74,Electronics,180.61,4,48.18098286468813,26.67680796450259
1273.0,2024-11-13,87,Electronics,284.06,6,79.0567778397978,27.83101381391178
1274.0,2023-03-06,115,Electronics,264.46,7,47.03040270069089,17.783559971523445
1275.0,2023-02-07,179,Uncategorized,94.28,9,16.534739065777295,17.53790736717999
1276.0,2023-10-22,191,Uncategorized,379.52,8,94.71824658036762,24.95737947416938
1277.0,2024-04-24,185,Beauty,372.87,5,79.23151271727632,21.24909826944413
1278.0,2024-04-18,62,Uncategorized,380.69,4,85.84244262580877,22.549171931442583
1279.0,2023-11-10,2,Home & Kitchen,110.34,7,27.46894078639485,24.894816735902527
1280.0,2023-09-14,50,Uncategorized,301.31,8,82.10737738576273,27.25013354543916
1281.0,2023-01-09,125,Uncategorized,244.77,4,32.9212686356376,13.449878921288395
1282.0,2023-10-31,150,Electronics,479.68,1,69.0239076805821,14.389573815998602
1283.0,2024-04-08,156,Electronics,234.31,10,17.220727081028503,7.349548496021725
1284.0,2023-09-07,181,Electronics,28.95,2,5.632802520459808,19.457003524904344
1285.0,2024-05-25,69,Uncategorized,276.52,5,16.31068938756878,5.898556844918552
1286.0,2023-04-12,89,Home & Kitchen,29.18,9,4.855537542276297,16.639950453311503
1287.0,2023-02-09,5,Home & Kitchen,436.75,10,81.08751105213352,18.566115867689415
1288.0,2024-02-05,43,Home & Kitchen,85.67,4,10.420497267457533,12.163531303207112
1289.0,2024-08-16,146,Beauty,386.65,10,76.443920049752,19.770831514225268
1290.0,2024-12-25,181,Electronics,324.78,4,18.71546779380112,5.762506248476237
1291.0,2024-03-09,111,Electronics,211.3,10,12.537918070677254,5.933704718730361
1292.0,2023-07-14,36,Home & Kitchen,197.58,1,50.51135469378382,25.565014016491457
1293.0,2024-10-04,152,Uncategorized,71.01,1,9.944784361653449,14.004766035281577
1294.0,2024-11-10,99,Fashion,384.5,8,31.438691778662427,8.17651281629712
1295.0,2023-06-29,150,Fashion,471.1,6,85.06219995295459,18.05608150137011
1296.0,2023-04-30,30,Electronics,53.12,7,12.88151438514955,24.24983882746527
1297.0,2024-07-10,124,Uncategorized,158.1,1,16.435326111812728,10.395525687421081
1298.0,2023-06-11,41,Electronics,137.85,6,28.3588630229123,20.57226189547501
1299.0,2023-01-02,47,Sports,235.12,8,16.772723992333685,7.1336866248442
1300.0,2024-07-22,157,Sports,417.91,7,26.29507702339321,6.292043029215192
1301.0,2023-04-05,44,Beauty,203.45,6,37.19852494813493,18.283865789203702
1302.0,2024-05-30,131,Home & Kitchen,354.11,4,65.56657572833872,18.515878040252666
1303.0,2024-12-21,152,Sports,371.19,2,77.71140128427982,20.935747537455164
1304.0,2023-11-07,153,Electronics,456.51,7,105.69248868943303,23.152283343066536
1305.0,2024-06-02,166,Uncategorized,365.61,2,107.47581969307431,29.396301986563362
1306.0,2024-07-18,37,Fashion,55.45,4,9.92971357832532,17.90750870752988
1307.0,2024-07-31,78,Uncategorized,140.12,10,18.31916524713185,13.073911823531152
1308.0,2024-12-15,170,Uncategorized,374.27,4,93.11708427902067,24.87965486921759
1309.0,2024-05-05,148,Home & Kitchen,177.59,1,20.90377487540794,11.770806281551856
1310.0,2023-05-30,123,Uncategorized,332.62,8,53.13366848877717,15.9742855176409
1311.0,2024-11-28,27,Electronics,38.76,9,2.698242335206557,6.961409533556649
1312.0,2023-03-21,107,Home & Kitchen,355.33,5,20.01846991445363,5.633768585386438
1313.0,2024-11-17,34,Electronics,52.86,7,15.36439879996878,29.06621036694813
1314.0,2023-06-15,62,Fashion,486.76,3,126.06842086513034,25.899503012805148
1315.0,2023-04-17,177,Electronics,469.69,3,105.20753121503724,22.399355152342444
1316.0,2024-03-29,185,Home & Kitchen,391.23,8,59.5601651107987,15.223823610356746
1317.0,2023-08-12,105,Beauty,323.66,5,30.20510990853249,9.332358001771144
1318.0,2024-02-09,129,Uncategorized,480.26,3,42.795613528303946,8.91092606677715
1319.0,2023-12-08,180,Beauty,131.84,5,14.840005923505062,11.256072454114884
1320.0,2024-03-12,48,Home & Kitchen,147.11,7,27.55468366122935,18.730666617653014
1321.0,2024-03-28,191,Fashion,462.65,3,105.78445090929596,22.864898067501557
1322.0,2024-08-28,95,Home & Kitchen,435.29,10,93.60882902786533,21.504934417943282
1323.0,2024-05-31,69,Beauty,344.96,4,41.38949927261811,11.998347423648571
1324.0,2024-08-13,102,Fashion,15.99,8,4.616573959451118,28.871632016579852
1325.0,2023-03-25,23,Sports,161.02,3,37.75504038158816,23.44742291739421
1326.0,2023-02-11,56,Sports,268.65,2,50.66430405179695,18.85885131278502
1327.0,2023-12-08,16,Sports,310.92,10,63.095053604796206,20.29301865585881
1328.0,2024-02-18,84,Electronics,369.75,9,57.27428077066884,15.490001560694749
1329.0,2023-09-22,177,Uncategorized,333.27,5,37.30382671776269,11.193274737528938
1330.0,2023-05-13,87,Electronics,458.92,6,63.78674542165924,13.899316966281539
1331.0,2024-01-31,14,Uncategorized,11.03,2,2.641260649605498,23.94615276160923
1332.0,2024-01-07,13,Fashion,461.26,2,24.7227851413403,5.359837215743897
1333.0,2023-08-24,130,Electronics,383.67,2,30.31689749582214,7.9018160126729065
1334.0,2023-05-05,52,Home & Kitchen,339.38,8,20.87209416233561,6.150066050543819
1335.0,2024-12-20,95,Home & Kitchen,245.28,4,14.76149015819925,6.018220057974253
1336.0,2023-07-11,43,Uncategorized,153.15,6,40.41094711032144,26.38651460027518
1337.0,2023-05-10,46,Sports,469.22,4,106.00358519457367,22.59144648450059
1338.0,2023-09-29,191,Fashion,317.98,3,53.59344854329692,16.85434572718313
1339.0,2024-09-04,21,Uncategorized,273.9,3,20.394194150577324,7.445854016275037
1340.0,2023-01-19,121,Fashion,407.21,8,70.40822512658133,17.29039687792081
1341.0,2023-03-24,128,Beauty,184.39,8,31.04536495355713,16.836794269514144
1342.0,2024-02-10,40,Uncategorized,338.6,8,31.591538287882788,9.33004674775038
1343.0,2024-12-01,105,Beauty,198.69,3,31.48499604677322,15.846291230949328
1344.0,2023-07-24,91,Sports,157.24,7,23.527221109160752,14.962618359934337
1345.0,2023-08-12,103,Beauty,483.01,5,98.51593896505028,20.396252451305415
1346.0,2024-01-24,135,Sports,353.74,9,73.85150701448009,20.877341271691098
1347.0,2023-02-17,140,Uncategorized,380.87,2,23.35723455046965,6.132600244301113
1348.0,2024-01-10,68,Fashion,152.01,8,21.836715887342468,14.365315365661779
1349.0,2023-02-09,194,Beauty,39.49,8,8.153302017888798,20.646497892855905
1350.0,2023-06-29,151,Electronics,464.77,1,81.69915972506685,17.578406464502194
1351.0,2024-12-15,27,Fashion,488.09,9,128.91553164640206,26.412246029708058
1352.0,2024-05-30,91,Uncategorized,375.89,3,80.69358729731131,21.467340790473628
1353.0,2024-03-01,110,Electronics,467.35,7,42.40435112412654,9.073360677035742
1354.0,2023-12-24,80,Uncategorized,62.11,10,4.201256225260175,6.764218685010746
1355.0,2024-05-24,143,Beauty,326.28,3,68.71614052328916,21.06048195515789
1356.0,2024-09-23,3,Beauty,49.1,6,2.780426336898408,5.662782763540545
1357.0,2023-12-09,79,Uncategorized,358.75,5,70.47424744546373,19.64438953183658
1358.0,2023-04-21,31,Fashion,449.91,10,128.25024697987567,28.505756035623936
1359.0,2024-01-26,71,Beauty,402.82,6,78.09412708299038,19.386854446896972
1360.0,2023-02-08,49,Electronics,373.04,10,54.85272731802023,14.704248155163047
1361.0,2023-10-07,67,Sports,265.77,4,56.03017745385604,21.082205461058827
1362.0,2024-08-26,40,Beauty,217.61,9,35.81060287496474,16.456322262287916
1363.0,2023-01-20,19,Beauty,275.63,7,51.37858890978778,18.640419732898373
1364.0,2024-06-20,174,Sports,397.58,2,113.45589466834272,28.536620219413134
1365.0,2024-01-17,22,Uncategorized,206.7,5,30.28685380835501,14.652565945019358
1366.0,2024-02-02,154,Fashion,438.75,3,127.3680899694356,29.02976409559786
1367.0,2024-11-30,67,Home & Kitchen,17.93,7,4.954734252568056,27.6337660489016
1368.0,2024-07-01,59,Fashion,26.7,1,2.641905824718554,9.89477836973241
1369.0,2023-11-21,99,Electronics,364.91,4,24.57315807558916,6.734032521879136
1370.0,2023-11-26,62,Fashion,419.42,8,31.538077334430078,7.519450034435668
1371.0,2023-01-01,93,Sports,334.52,6,18.249891279239105,5.455545641288744
1372.0,2023-09-23,177,Beauty,401.65,2,29.56575379690466,7.3610740188982104
1373.0,2023-06-08,193,Sports,411.79,5,90.9033398062804,22.07516933540892
1374.0,2024-10-14,63,Uncategorized,449.98,10,30.507367008533464,6.779716211505725
1375.0,2024-09-30,20,Uncategorized,110.36,5,14.318537639804877,12.974390757344034
1376.0,2023-05-16,10,Beauty,330.12,3,86.2335594143091,26.121882774236365
1377.0,2024-04-28,115,Sports,281.12,7,15.691551643513844,5.581798393395647
1378.0,2024-08-11,126,Electronics,298.07,8,75.59565515132103,25.361712064723395
1379.0,2024-02-13,135,Sports,453.46,8,54.62546654218648,12.046369369334998
1380.0,2024-08-17,18,Fashion,96.94,4,7.71072459741084,7.954120690541407
1381.0,2024-11-24,96,Electronics,475.64,9,106.63101633345116,22.418429134103768
1382.0,2023-06-15,48,Uncategorized,117.04,4,24.25486769677941,20.723571169497102
1383.0,2023-04-22,32,Home & Kitchen,22.36,6,6.023068555616226,26.936800338176326
1384.0,2023-12-17,28,Uncategorized,350.98,6,82.04780873857197,23.37677609509715
1385.0,2023-01-26,23,Electronics,451.97,10,113.38581902651002,25.087023259621215
1386.0,2024-01-26,69,Sports,221.75,1,26.722791616921803,12.050864314282663
1387.0,2024-08-23,122,Fashion,362.03,2,34.161109508643264,9.435988594493072
1388.0,2023-03-15,140,Sports,291.65,3,69.31169807901408,23.76536879102146
1389.0,2023-04-25,56,Sports,181.73,4,45.74301929175997,25.1708684816816
1390.0,2024-02-14,143,Beauty,220.42,1,65.6027858499471,29.762628550016835
1391.0,2023-02-28,187,Beauty,201.81,1,30.908093344373743,15.315441922785661
1392.0,2023-06-11,168,Sports,388.18,1,55.51149513576065,14.30045214481958
1393.0,2023-09-11,15,Uncategorized,99.91,8,24.388354726933223,24.410324018549918
1394.0,2023-06-06,189,Fashion,170.69,4,23.077439071446904,13.520088506325445
1395.0,2023-09-23,52,Fashion,84.94,5,24.011631809191694,28.268933140089114
1396.0,2024-08-11,176,Uncategorized,237.58,9,62.864425395715685,26.460318796075295
1397.0,2023-06-25,38,Uncategorized,486.09,8,76.43692669168065,15.724850684375458
1398.0,2024-03-14,177,Home & Kitchen,479.46,2,113.97616054082782,23.771776694787434
1399.0,2024-06-17,49,Fashion,388.66,2,92.74815836043815,23.863571852117055
1400.0,2024-08-23,99,Beauty,239.03,4,18.113924591963244,7.578096720898316
1401.0,2023-10-20,191,Beauty,304.84,2,84.02555701804977,27.563822666989168
1402.0,2023-04-27,43,Home & Kitchen,270.98,7,47.77732197148009,17.631309311196432
1403.0,2024-06-19,148,Electronics,313.4,1,80.42294246954155,25.661436652693542
1404.0,2023-02-17,17,Fashion,342.63,3,44.54614870027962,13.001240025765293
1405.0,2023-01-26,35,Fashion,23.73,9,6.499191553053709,27.38808071240501
1406.0,2024-06-22,162,Beauty,275.99,8,40.65344282846043,14.73004196835408
1407.0,2023-04-03,163,Sports,481.98,1,25.404882815118555,5.270941287007459
1408.0,2024-08-11,46,Sports,405.0,5,111.91992511245044,27.63454941048159
1409.0,2023-02-17,106,Beauty,62.9,8,4.58048299246195,7.282166919653339
1410.0,2023-02-07,78,Uncategorized,257.68,6,33.45418453357453,12.98284093976037
1411.0,2024-03-11,36,Fashion,188.9,9,54.31167639397427,28.751549176270125
1412.0,2023-02-25,60,Home & Kitchen,11.14,7,3.204440904221094,28.7651786734389
1413.0,2024-06-03,140,Home & Kitchen,156.28,10,30.21821828897679,19.335947203082153
1414.0,2024-07-17,70,Beauty,479.98,2,99.81630627431508,20.795930304244987
1415.0,2023-08-31,6,Sports,27.63,6,4.479137443065244,16.211138049457997
1416.0,2024-05-14,43,Beauty,213.14,3,26.280735969931367,12.330269292451614
1417.0,2023-02-12,172,Uncategorized,245.16,2,32.401849985722144,13.216613634247897
1418.0,2023-06-27,92,Beauty,261.77,4,57.09978906182159,21.81296140192596
1419.0,2023-07-15,72,Electronics,261.01,3,62.14481898213221,23.809363235941998
1420.0,2024-02-26,56,Sports,175.87,3,43.59725160501625,24.789476093146213
1421.0,2023-08-08,156,Electronics,255.04,5,63.09805278458075,24.740453569863845
1422.0,2023-09-05,94,Uncategorized,121.15,1,8.81990484608721,7.28015257621726
1424.0,2023-11-10,89,Fashion,461.16,10,29.69394944231892,6.438969000416107
1425.0,2023-03-04,147,Beauty,19.68,2,3.687682101032779,18.738222058093392
1426.0,2024-11-06,49,Sports,232.68,7,37.31782926488934,16.038262534334425
1427.0,2023-12-29,91,Home & Kitchen,366.05,6,99.53852902466892,27.192604568957496
1428.0,2023-04-28,169,Home & Kitchen,78.36,2,10.792425095895222,13.772875313801968
1429.0,2023-02-28,169,Sports,499.06,6,39.558866304590246,7.926675410690147
1431.0,2024-05-23,5,Sports,319.95,10,76.9088316545013,24.037765792936803
1432.0,2024-02-15,176,Fashion,476.09,8,97.38635944105968,20.455451582906527
1433.0,2024-10-06,69,Electronics,238.56,1,17.95895640396321,7.528066903069757
1434.0,2023-09-02,153,Sports,338.52,1,24.04395900151223,7.1026701528749365
1435.0,2024-08-28,48,Electronics,368.1,8,82.91168432252552,22.524228286478
1436.0,2024-06-20,51,Uncategorized,265.7,2,18.11828269774156,6.81907515910484
1437.0,2024-11-28,124,Sports,20.78,7,5.308563008013401,25.546501482258904
1438.0,2023-04-23,143,Beauty,71.6,8,16.22173586610128,22.656055678912406
1439.0,2024-12-23,68,Home & Kitchen,139.83,7,9.835249999289212,7.033719516047494
1440.0,2023-11-19,115,Sports,472.35,9,33.635773562035105,7.120942852129798
1441.0,2024-11-17,112,Beauty,107.23,4,31.81084050067026,29.665989462529385
1442.0,2023-08-23,149,Home & Kitchen,499.31,1,71.68478775724712,14.35676989390301
1443.0,2023-01-19,193,Fashion,442.72,8,63.1586728373635,14.266053676672275
1444.0,2023-04-27,125,Sports,322.15,4,81.5683451480011,25.319989181437563
1445.0,2024-09-17,76,Home & Kitchen,334.8,10,96.02470592702898,28.68121443459647
1446.0,2024-08-20,149,Uncategorized,469.96,2,139.3432649885491,29.65002659557177
1447.0,2024-04-14,68,Home & Kitchen,182.57,2,43.51456382068124,23.83445463147354
1448.0,2024-05-30,165,Sports,34.19,2,4.925578807325503,14.406489638272896
1449.0,2023-01-03,148,Electronics,425.82,8,30.180068796156785,7.0875179174667196
1450.0,2024-11-24,66,Beauty,340.69,10,83.22604569682962,24.428672898185923
1451.0,2023-07-01,7,Electronics,143.61,4,27.22860857613974,18.960106243395124
1452.0,2024-07-11,62,Electronics,324.65,8,50.66341882550771,15.605550231174409
1453.0,2024-06-09,134,Uncategorized,157.92,6,43.67887112354017,27.658859627368397
1454.0,2023-10-26,159,Electronics,151.78,9,11.808388466106914,7.779937057653783
1455.0,2023-05-23,37,Uncategorized,487.93,4,84.48814178415972,17.315627607271477
1456.0,2023-06-06,131,Beauty,294.15,8,15.54241865208408,5.283841119185477
1457.0,2023-12-30,121,Fashion,298.77,9,49.94393500214628,16.716516049853162
1458.0,2023-08-03,181,Sports,20.75,7,1.3295732425995312,6.407581892045934
1459.0,2024-11-08,50,Uncategorized,346.95,2,27.653469012301887,7.970447906701798
1460.0,2024-01-17,199,Uncategorized,466.0,6,36.99180774953272,7.938156169427622
1461.0,2023-12-16,80,Fashion,436.89,6,92.75287222287174,21.230257552901588
1462.0,2024-08-06,19,Uncategorized,46.31,2,10.952834589695438,23.65112198163558
1463.0,2023-12-30,185,Sports,191.64,4,37.53119753580492,19.584219127428995
1464.0,2023-08-25,179,Uncategorized,370.75,4,107.7188680867341,29.05431371186355
1465.0,2023-11-20,12,Home & Kitchen,283.09,4,40.685028089341344,14.371764488092603
1466.0,2024-11-12,106,Beauty,269.32,7,32.70299476935768,12.142802157046518
1467.0,2023-01-05,126,Sports,368.71,2,98.50079613868397,26.714978204736507
1468.0,2024-08-06,183,Sports,261.09,6,27.64915936976097,10.589895962986317
1469.0,2023-10-23,154,Home & Kitchen,483.21,6,140.52019082077445,29.080563486015283
1470.0,2024-11-18,12,Sports,114.0,5,6.046402528659766,5.303861867245409
1471.0,2023-07-08,62,Sports,193.57,5,56.613361121449415,29.246970667690974
1472.0,2023-11-23,70,Sports,164.57,7,10.004206677426575,6.0789977987644015
1473.0,2024-07-29,169,Home & Kitchen,175.43,4,47.85480910901316,27.278577842451778
1474.0,2023-12-11,173,Electronics,27.87,5,5.070257477558795,18.192527727157497
1475.0,2023-02-04,123,Home & Kitchen,89.12,3,26.579255657538013,29.82411990298251
1476.0,2023-12-17,107,Uncategorized,445.82,6,30.51599612258388,6.844914118384972
1477.0,2024-11-07,145,Beauty,363.28,2,68.46504610932794,18.84635711003302
1478.0,2023-01-26,43,Beauty,486.57,5,142.23688368904624,29.232563390477473
1479.0,2023-08-19,98,Sports,287.69,1,52.00700469732752,18.077446104253717
1480.0,2024-03-22,2,Beauty,453.5,2,94.03307059858538,20.73496595338156
1481.0,2023-08-19,4,Electronics,433.27,6,97.02525861909126,22.39371722461543
1482.0,2023-12-15,161,Beauty,212.67,6,34.80031206104058,16.363526619194328
1483.0,2024-09-29,184,Uncategorized,382.76,1,79.18903268324402,20.688952002101583
1484.0,2023-06-10,40,Uncategorized,266.38,9,52.23141160251885,19.607857798077504
1485.0,2023-05-18,111,Electronics,186.14,3,51.24238801819817,27.528950262274726
1486.0,2024-08-21,6,Sports,478.12,3,29.33820584221446,6.136159508536447
1487.0,2023-07-09,187,Beauty,111.14,10,13.36356222282012,12.024079739805758
1488.0,2024-12-04,166,Sports,398.44,8,114.592487928866,28.760287101913967
1489.0,2024-01-03,183,Uncategorized,309.1,8,84.25013390017057,27.25659459727291
1490.0,2024-02-06,32,Uncategorized,128.37,6,21.04166433877549,16.391418819642823
1491.0,2024-03-30,134,Sports,63.02,7,12.921189078363213,20.50331494503842
1492.0,2024-03-23,151,Beauty,321.61,5,38.382640564640525,11.934529574528318
1493.0,2023-03-14,136,Uncategorized,44.4,8,4.308144872933751,9.703028993094033
1494.0,2024-05-24,169,Sports,326.13,1,54.11299020076909,16.592460123499553
1495.0,2023-02-21,16,Uncategorized,276.77,6,38.28782403769265,13.83380570065132
1496.0,2023-08-17,94,Beauty,342.55,2,67.11035027862906,19.5914027962718
1497.0,2023-10-24,187,Sports,269.14,3,18.687375048189004,6.943365924124621
1498.0,2024-08-21,79,Fashion,415.99,7,122.13412401026216,29.359870191654164
1499.0,2024-12-04,15,Beauty,271.5,5,80.51405428155304,29.65526861199007
1500.0,2023-03-08,119,Electronics,20.61,1,4.627778231486737,22.45404285049363
1501.0,2023-01-02,108,Beauty,263.04,10,48.40569705078936,18.40240915860301
1502.0,2023-03-31,58,Home & Kitchen,331.27,2,42.19780336179295,12.738190407158195
1503.0,2023-09-08,121,Electronics,139.55,9,35.36877375002618,25.34487549267372
1504.0,2023-11-21,39,Sports,464.56,10,102.75267838040754,22.118279313846983
1505.0,2023-08-13,159,Fashion,111.12,2,10.07349857500108,9.065423483622283
1506.0,2023-07-06,119,Electronics,270.05,4,75.00147154314054,27.77317961234606
1507.0,2023-05-07,195,Beauty,64.33,7,16.444955209311864,25.563431073079222
1508.0,2023-10-29,133,Home & Kitchen,371.01,4,106.6468164576092,28.744997832298107
1509.0,2024-03-30,88,Uncategorized,214.07,3,49.54219379017405,23.142987709708997
1510.0,2024-09-07,150,Sports,263.75,2,53.63456448201614,20.335379898394745
1511.0,2024-04-12,116,Beauty,335.2,5,51.80876644115386,15.45607590726547
1512.0,2023-07-21,147,Sports,55.09,6,15.600503036993148,28.31821208385033
1513.0,2024-08-20,59,Home & Kitchen,279.28,2,74.43258076491851,26.65159723751021
1514.0,2023-10-03,87,Uncategorized,33.2,10,2.0353149618813724,6.130466752654735
1515.0,2023-08-29,18,Fashion,136.36,5,7.716850160611322,5.6591743624313
1516.0,2024-07-10,98,Fashion,498.16,5,71.79274771099232,14.411584171951244
1517.0,2023-07-15,96,Electronics,335.89,1,84.85868956907746,25.26383326954582
1518.0,2024-03-25,140,Sports,102.6,7,30.453632716928325,29.681903232873612
1519.0,2023-05-07,24,Electronics,331.99,9,29.083725919365083,8.760422277588205
1520.0,2024-12-27,200,Beauty,213.62,10,42.41055085338078,19.853267883803376
1521.0,2023-04-10,69,Sports,85.11,10,12.359905201966562,14.52227141577554
1522.0,2023-08-07,104,Fashion,266.58,7,77.96894504235422,29.24785994536508
1523.0,2023-10-16,75,Electronics,299.55,10,78.04168085632539,26.052973078392718
1524.0,2024-09-16,182,Fashion,198.08,7,51.41803745729555,25.958217617778445
1525.0,2023-09-30,22,Electronics,235.58,8,39.38268364612478,16.717328994874258
1527.0,2024-12-01,26,Uncategorized,386.82,7,45.78083089105895,11.835176798267657
1528.0,2023-04-12,92,Sports,482.44,2,30.92144865106832,6.409387416273178
1529.0,2023-09-06,54,Beauty,63.81,7,16.984983707208738,26.618059406376332
1530.0,2024-10-25,23,Beauty,119.39,6,30.232562870009996,25.322525228251948
1532.0,2023-08-31,109,Sports,289.84,10,86.70830521437517,29.915920926847633
1533.0,2023-05-23,185,Fashion,368.47,3,69.58848014085004,18.885792640065684
1534.0,2023-10-23,60,Home & Kitchen,76.66,5,18.57064381193448,24.22468537951276
1535.0,2024-11-04,182,Fashion,483.77,3,138.45082928630555,28.619143247060702
1536.0,2024-12-14,52,Beauty,467.27,2,122.61718406045853,26.241184766935287
1537.0,2024-03-21,200,Uncategorized,281.01,6,31.427322517713996,11.183702543579944
1538.0,2023-09-21,196,Home & Kitchen,173.52,2,28.22060458975186,16.26360338275234
1539.0,2023-05-11,119,Home & Kitchen,332.2,10,27.33668942833166,8.228985378787375
1540.0,2023-06-09,163,Sports,382.56,9,110.3734402470242,28.85127568146806
1541.0,2024-06-12,110,Electronics,273.31,2,55.0838973354425,20.154365861272
1542.0,2024-03-24,193,Uncategorized,321.72,5,34.47574084664351,10.716070137586568
1543.0,2024-03-01,80,Fashion,131.48,9,28.652801496420512,21.79251711014642
1544.0,2023-10-09,171,Home & Kitchen,185.33,5,37.90592670101546,20.453206011447396
1545.0,2023-05-17,67,Fashion,368.81,2,51.46399800942298,13.954067950821013
1546.0,2023-01-23,23,Electronics,382.9,7,30.015300513309487,7.8389398049907255
1547.0,2023-01-26,63,Beauty,36.48,4,7.948747543806332,21.789329889819992
1548.0,2024-11-19,147,Uncategorized,234.45,1,42.219035119223584,18.007692522594834
1549.0,2023-09-17,173,Electronics,257.79,5,62.66348955138262,24.30795979339098
1550.0,2024-06-08,59,Uncategorized,255.29,1,45.96263504972019,18.004087527799832
1551.0,2023-12-08,74,Fashion,158.98,1,41.81895373016037,26.304537507963506
1552.0,2023-06-14,87,Fashion,322.58,8,60.63752701296839,18.79767096936214
1553.0,2023-09-16,82,Uncategorized,133.36,4,25.36967197098978,19.023449288384658
1554.0,2024-09-09,18,Beauty,26.85,8,7.227037307844141,26.916340066458623
1555.0,2023-04-02,73,Fashion,26.76,2,4.037300374960936,15.087071655309925
1556.0,2023-07-07,6,Sports,29.67,7,2.477557957032628,8.350380711266018
1557.0,2024-07-29,11,Home & Kitchen,158.83,8,9.084388119711909,5.7195669078334745
1558.0,2024-01-25,159,Uncategorized,66.36,5,15.84572707162534,23.878431391840476
1559.0,2024-12-18,119,Home & Kitchen,286.79,4,58.81414405816504,20.50773878383662
1560.0,2023-04-16,41,Beauty,478.5,4,108.15054225886962,22.601994202480586
1561.0,2024-02-16,12,Sports,211.86,6,21.87264681431946,10.324104037722769
1562.0,2023-08-07,86,Beauty,418.27,7,35.173524273419545,8.409286889669245
1563.0,2024-02-16,9,Beauty,114.55,4,6.144022863063969,5.363616641697049
1564.0,2024-03-23,59,Home & Kitchen,139.83,4,19.24716458698161,13.76468897016492
1565.0,2023-01-21,6,Beauty,342.79,10,67.69397096922494,19.747942171365832
1566.0,2024-08-08,108,Electronics,421.58,10,62.41956113328629,14.80610112749331
1567.0,2024-03-10,68,Home & Kitchen,313.38,3,49.94297276594905,15.936873050593226
1568.0,2024-07-07,189,Beauty,355.76,7,98.203874288274,27.603967362343713
1569.0,2024-07-27,160,Fashion,160.94,4,22.059058715682493,13.706386675582511
1570.0,2023-03-12,165,Beauty,361.73,10,64.5678544784446,17.84973722899527
1571.0,2024-03-05,72,Uncategorized,272.14,3,66.92283272184368,24.591325318528582
1572.0,2023-07-29,178,Sports,313.05,1,46.686929501418405,14.913569558031753
1573.0,2024-10-25,120,Fashion,298.94,4,61.43864954153013,20.55216750569684
1574.0,2023-04-24,173,Electronics,204.23,6,54.24163505933694,26.55909271866863
1575.0,2024-03-13,135,Electronics,248.17,10,71.31913329327925,28.73801559144105
1576.0,2024-04-23,10,Fashion,387.24,4,33.60018368874017,8.676837023225948
1577.0,2024-01-03,31,Beauty,240.05,7,67.60933985500418,28.16469062903736
1578.0,2024-03-23,142,Sports,470.92,3,81.48285118425403,17.302907326988453
1579.0,2023-02-09,82,Uncategorized,360.21,10,41.26605277729195,11.456109707473958
1580.0,2024-11-21,167,Fashion,425.35,1,70.09084847898612,16.478393905956533
1581.0,2023-07-02,90,Beauty,236.06,8,69.63962243047243,29.500814382136927
1582.0,2024-12-30,70,Home & Kitchen,253.29,4,43.858309256863485,17.31545234982174
1583.0,2024-09-26,3,Fashion,272.78,2,36.05821606355662,13.218790257187706
1584.0,2024-09-14,147,Home & Kitchen,413.14,7,86.07780723810302,20.835021357918144
1585.0,2024-10-17,149,Electronics,94.12,1,10.356626409850884,11.003640469454828
1586.0,2023-02-10,123,Fashion,359.37,4,24.78425105560264,6.896583202716598
1587.0,2023-01-18,112,Electronics,125.43,10,10.312845879813183,8.221993047766231
1588.0,2023-11-21,200,Sports,191.3,8,15.688792248155467,8.20114597394431
1589.0,2024-06-07,133,Electronics,282.36,5,24.84081113503286,8.79756733780736
1590.0,2024-03-02,100,Home & Kitchen,395.27,1,33.482054133283086,8.470679316235254
1591.0,2024-04-03,185,Home & Kitchen,172.81,4,36.32789116236088,21.021868620080365
1592.0,2023-07-17,169,Electronics,81.69,5,7.798946023641535,9.54700210997862
1593.0,2023-07-12,92,Beauty,147.78,2,20.159677782400124,13.64168208309658
1594.0,2024-01-08,12,Fashion,199.63,2,54.73796756738429,27.419710247650297
1595.0,2024-10-24,108,Uncategorized,130.69,2,22.02001169148869,16.849041006571806
1596.0,2023-05-15,18,Sports,486.97,5,105.61864798189616,21.68894346302568
1597.0,2024-07-01,134,Electronics,380.58,10,35.42437414547907,9.307996780040746
1598.0,2023-08-03,183,Uncategorized,256.0,3,25.10649720375493,9.80722547021677
1599.0,2024-06-17,26,Uncategorized,442.68,7,26.656929762211217,6.021715406661972
1600.0,2023-03-20,21,Electronics,75.6,9,6.97287269206391,9.223376576804114
1601.0,2024-03-21,144,Fashion,98.12,8,11.739821016453948,11.964758475798968
1602.0,2024-02-15,128,Electronics,376.06,4,35.44464067927835,9.425262106918671
1603.0,2024-04-20,99,Home & Kitchen,137.74,9,9.941471749924212,7.217563343926391
1604.0,2024-07-10,178,Home & Kitchen,171.64,7,13.75848522892678,8.015896777515021
1605.0,2023-10-09,156,Sports,61.03,6,10.081832053259314,16.519469200818143
1606.0,2024-01-16,95,Beauty,164.04,6,16.66374579182155,10.158342960144813
1607.0,2024-02-06,65,Uncategorized,339.27,8,47.859958939445136,14.106746526201885
1608.0,2023-09-06,90,Beauty,308.52,3,54.25457410103511,17.585431771371425
1609.0,2024-01-08,48,Sports,85.98,7,19.139036841388208,22.25987071573413
1610.0,2023-02-17,132,Uncategorized,60.24,2,3.6040408260069503,5.982803496027474
1611.0,2024-07-17,130,Electronics,352.02,9,87.95311215599028,24.985259972726062
1612.0,2023-12-27,10,Beauty,13.13,9,2.7175830285039053,20.6975097372727
1613.0,2024-05-31,51,Electronics,96.46,1,6.794619055447046,7.043975798721798
1614.0,2024-10-30,69,Electronics,496.8,10,133.33846511406173,26.83946560266943
1615.0,2023-12-27,116,Uncategorized,490.06,6,137.32368215115508,28.02181001329533
1616.0,2024-08-03,43,Uncategorized,173.78,8,11.342531965894556,6.526948996371594
1617.0,2023-05-01,162,Uncategorized,99.71,2,11.88736757418942,11.921941203680094
1618.0,2024-03-02,161,Sports,220.1,7,55.3662254206132,25.155031994826533
1619.0,2023-07-14,143,Sports,454.89,8,107.8384626396556,23.706492259591464
1620.0,2023-07-06,146,Electronics,261.55,2,25.142868153165125,9.613025483909434
1621.0,2024-01-15,176,Home & Kitchen,12.41,6,1.2700062756521435,10.233733083417757
1622.0,2023-06-10,105,Uncategorized,260.36,3,37.132029170691055,14.261802569784548
1623.0,2024-07-12,140,Uncategorized,145.51,2,24.901234893786373,17.113074629775532
1624.0,2023-05-21,125,Fashion,419.72,2,85.85947317667396,20.4563692882574
1625.0,2023-07-02,181,Home & Kitchen,372.56,2,52.98861638952861,14.222840989244311
1626.0,2024-11-20,34,Home & Kitchen,354.17,6,58.662480103219245,16.563367903328697
1627.0,2023-09-21,167,Electronics,122.6,2,29.039984253799638,23.686773453343914
1628.0,2023-06-21,183,Home & Kitchen,435.69,3,25.78012616685115,5.917080072264948
1629.0,2024-06-29,27,Sports,195.21,3,22.080053976349078,11.31092360860052
1630.0,2023-10-08,167,Home & Kitchen,314.6,5,71.83494492982005,22.83373964711381
1631.0,2024-05-07,164,Beauty,178.06,2,48.75313237964568,27.380170942179983
1632.0,2023-08-15,11,Home & Kitchen,43.71,1,7.776855248718943,17.791936052891653
1633.0,2023-07-03,85,Sports,388.66,9,71.13580679580441,18.302837131632895
1634.0,2023-02-26,117,Fashion,465.42,9,35.74099937943964,7.679300283494402
1635.0,2024-01-15,181,Home & Kitchen,367.15,10,59.42436261980784,16.185309170586365
1636.0,2024-07-17,131,Electronics,310.01,4,56.77966969343044,18.315431661375584
1637.0,2023-08-23,37,Electronics,461.37,10,51.03565406548881,11.061762590868241
1638.0,2024-07-28,159,Beauty,64.81,1,7.602913449457345,11.731080773734524
1639.0,2024-03-02,62,Fashion,79.25,10,11.437442481510336,14.432104077615564
1640.0,2023-08-06,198,Electronics,285.66,7,15.71638458929633,5.501779944443159
1641.0,2023-12-13,194,Sports,267.66,3,34.93492736499837,13.051979139579457
1642.0,2024-03-11,69,Electronics,103.43,6,10.639016840913154,10.286200174913617
1644.0,2024-09-24,155,Fashion,477.76,2,38.19238902449137,7.994053295481282
1645.0,2023-09-16,168,Sports,432.69,1,117.96506227583627,27.26318201849737
1646.0,2024-09-23,187,Home & Kitchen,247.66,5,49.13527676179892,19.839811338851217
1647.0,2023-03-20,55,Uncategorized,469.58,3,103.20221675596734,21.97755797861224
1648.0,2024-01-20,71,Beauty,453.82,4,112.22642287619556,24.729280965183456
1649.0,2024-03-25,41,Sports,211.85,7,36.99124496078019,17.46105497322643
1650.0,2024-06-03,12,Electronics,372.94,3,26.75101305983095,7.173007202185593
1651.0,2023-01-04,8,Fashion,228.12,4,42.03718607991178,18.427663545463695
1652.0,2023-02-17,137,Uncategorized,387.03,8,76.13277947690521,19.67102795052198
1653.0,2024-01-25,48,Electronics,327.85,8,77.49058290283315,23.63598685460825
1654.0,2024-11-18,26,Sports,396.47,6,62.60851507342026,15.791488655741986
1655.0,2024-10-17,103,Uncategorized,309.21,9,25.322776356854067,8.189507569889095
1656.0,2023-06-14,183,Electronics,280.39,10,33.91148155672609,12.094397644968112
1657.0,2024-12-06,7,Electronics,468.89,3,66.00591448958899,14.077057409965873
1658.0,2023-02-16,2,Uncategorized,366.98,2,77.60867730596776,21.147931033290032
1659.0,2024-07-05,159,Uncategorized,246.94,7,47.58399863873528,19.2694576167228
1660.0,2023-04-19,118,Sports,485.55,3,67.5031913149248,13.902418147446156
1661.0,2024-04-13,119,Sports,233.37,7,69.22426590270442,29.662881219824495
1662.0,2023-11-20,130,Home & Kitchen,418.36,8,84.27598835653684,20.14437048392218
1663.0,2023-11-11,20,Sports,164.19,3,17.947066733783235,10.930669793399863
1665.0,2023-01-04,2,Home & Kitchen,253.35,6,22.34921572808763,8.8214784796083
1666.0,2024-09-26,105,Sports,87.58,4,9.764244462978803,11.148943209612701
1667.0,2024-01-25,46,Uncategorized,131.01,9,11.813216677683595,9.01703433148889
1668.0,2024-06-28,185,Beauty,433.43,5,41.887436308639366,9.664175601282645
1669.0,2023-05-21,152,Home & Kitchen,471.85,10,57.223038837047945,12.127379217346178
1670.0,2023-09-29,115,Beauty,175.92,7,16.420970721063316,9.334339882368871
1671.0,2023-09-17,140,Beauty,250.24,10,68.61364496462916,27.41913561566063
1672.0,2023-05-24,136,Sports,29.1,8,2.0387004996884475,7.005843641541057
1673.0,2023-10-29,105,Uncategorized,357.18,9,64.69524453167588,18.112784739256362
1674.0,2024-08-20,86,Sports,337.08,6,51.43814061041878,15.25992067474154
1675.0,2023-08-09,149,Beauty,320.45,6,94.72330694709072,29.55946542271516
1676.0,2023-12-09,146,Uncategorized,197.25,4,15.387418363162082,7.800972554201309
1677.0,2024-02-16,158,Home & Kitchen,290.84,3,43.47008060661587,14.946389976143543
1678.0,2024-08-13,159,Home & Kitchen,95.51,1,27.924030270532626,29.23676083188423
1679.0,2024-10-10,111,Beauty,181.57,3,48.3660322121425,26.637678147349508
1680.0,2024-07-12,42,Sports,116.18,8,29.54085830072184,25.426801773732
1681.0,2024-07-22,24,Beauty,283.16,8,32.414941126511295,11.447570676123496
1682.0,2024-06-10,193,Home & Kitchen,255.52,6,23.692299082477405,9.272189684751647
1683.0,2023-06-17,188,Home & Kitchen,239.37,6,51.98178188832776,21.716080498110774
1684.0,2024-02-15,91,Uncategorized,294.94,8,83.27453855832255,28.234399728189647
1685.0,2023-01-20,82,Home & Kitchen,29.74,9,5.6265321095585685,18.919072325348246
1686.0,2024-12-07,34,Fashion,37.61,3,7.255088312740733,19.290317236747494
1687.0,2024-02-20,34,Uncategorized,324.58,7,38.94790355506376,11.999477341507104
1688.0,2024-02-26,170,Home & Kitchen,206.66,5,50.08885239336141,24.237323329798414
1689.0,2024-03-22,190,Sports,78.16,1,7.562834846814007,9.676093713938085
1690.0,2023-07-01,179,Fashion,154.29,2,20.19961734620269,13.091980910106093
1691.0,2023-04-11,106,Sports,425.28,1,66.49640215369743,15.635910965410421
1692.0,2023-05-31,155,Beauty,242.11,2,42.82988719582335,17.690259467111375
1693.0,2024-02-28,156,Home & Kitchen,20.58,6,2.276198073275588,11.06024331037701
1694.0,2023-07-21,19,Electronics,261.74,3,20.601347626809783,7.870920618480088
1695.0,2023-01-08,33,Uncategorized,112.68,3,22.83516659558079,20.265501061040816
1696.0,2024-12-31,93,Sports,350.57,2,42.82480326235912,12.215763831006395
1697.0,2024-03-09,164,Home & Kitchen,284.16,7,55.499163249862384,19.530955535565308
1698.0,2024-03-12,139,Fashion,290.91,1,25.77191437510455,8.859067881855058
1699.0,2023-10-05,180,Home & Kitchen,136.66,7,23.27115157986984,17.02850254637044
1700.0,2023-02-10,78,Electronics,266.18,8,48.75016378914528,18.314735813789646
1701.0,2024-07-20,113,Electronics,437.35,1,27.533755957322104,6.295588420560673
1702.0,2023-01-20,86,Sports,449.24,7,60.26602648395923,13.415106954848016
1703.0,2023-09-28,54,Electronics,420.86,9,35.18544023413418,8.360366923474356
1704.0,2023-11-17,116,Fashion,175.36,7,11.54635870552614,6.584374261819194
1705.0,2024-07-05,44,Electronics,215.63,1,64.14778122756097,29.74900580974863
1706.0,2024-05-01,80,Electronics,113.85,3,14.867496312593053,13.058846124368076
1707.0,2023-04-30,105,Uncategorized,333.55,6,84.21090535370337,25.246861146365873
1708.0,2023-05-22,191,Beauty,305.59,9,34.733409422314644,11.366016369094096
1709.0,2023-02-08,49,Fashion,396.85,9,87.4560888286416,22.037568055598232
1710.0,2023-05-24,94,Uncategorized,14.66,4,3.5192351064957013,24.005696497242162
1711.0,2024-10-26,184,Home & Kitchen,54.93,4,10.92610900539722,19.890968515196107
1712.0,2023-01-24,197,Home & Kitchen,188.87,7,31.7101486828671,16.789404713753957
1713.0,2023-07-18,38,Home & Kitchen,181.93,9,27.82805437770314,15.296022853681713
1714.0,2024-12-17,70,Uncategorized,292.31,9,40.10992074829574,13.721706663574885
1715.0,2024-12-01,155,Electronics,104.6,6,29.537187122080645,28.238228606195648
1717.0,2023-03-08,36,Home & Kitchen,299.57,5,87.25177790709179,29.125672766662813
1718.0,2023-07-16,161,Sports,94.09,5,7.628281439438727,8.107430587138618
1719.0,2023-11-11,91,Fashion,317.21,10,73.820117952337,23.271686880091107
1720.0,2024-08-08,153,Sports,212.83,6,60.56824985630537,28.458511420525944
1721.0,2024-08-10,198,Fashion,81.43,7,7.760952144467427,9.530826654141505
1722.0,2023-03-28,118,Uncategorized,204.3,5,13.611296855758162,6.662406684169437
1723.0,2024-04-08,28,Sports,471.85,10,111.0169445918786,23.528016232251478
1724.0,2023-01-16,109,Uncategorized,411.3,3,79.63519786272444,19.361827829497795
1725.0,2023-05-12,197,Home & Kitchen,92.08,1,23.982898440975426,26.045719418956804
1726.0,2024-02-29,156,Sports,228.49,4,19.408647583835226,8.49430941565724
1727.0,2023-09-18,83,Fashion,271.32,5,67.50898176345636,24.88168279649726
1728.0,2024-12-23,132,Uncategorized,149.18,10,14.978690901180633,10.040683001193614
1729.0,2023-12-12,155,Sports,242.97,9,22.08937110952005,9.091398571642612
1730.0,2023-10-19,196,Uncategorized,250.95,2,22.853125497695668,9.106644948274823
1731.0,2023-02-13,160,Sports,499.6,5,126.72038255689964,25.364368005784556
1732.0,2024-01-27,137,Beauty,452.86,3,97.9533033411203,21.629930517405004
1733.0,2024-01-04,52,Uncategorized,64.17,3,11.599777076858595,18.076635619227982
1734.0,2024-02-13,63,Fashion,59.96,8,8.376868957011304,13.970762103087564
1735.0,2023-02-28,115,Sports,127.7,10,34.38962726545848,26.930013520327705
1736.0,2023-08-25,79,Electronics,240.18,5,35.57336647519214,14.811127685565884
1737.0,2023-02-24,23,Electronics,363.45,3,92.37076656898616,25.414985986789425
1738.0,2023-03-13,4,Uncategorized,391.22,2,62.51058973271022,15.978372714255462
1739.0,2023-07-31,25,Electronics,41.15,10,5.935315817708736,14.423610735622688
1740.0,2023-01-17,184,Electronics,92.76,9,15.367544229678176,16.566994641740163
1741.0,2024-05-11,23,Electronics,171.47,6,21.492816020731365,12.534446854103553
1743.0,2024-08-03,57,Home & Kitchen,131.02,10,23.01760637747916,17.568009752311983
1744.0,2024-11-12,58,Fashion,21.8,9,2.3555591885501546,10.805317378670432
1745.0,2023-11-02,106,Beauty,229.01,6,62.95339325640223,27.489364331864213
1746.0,2024-06-29,77,Uncategorized,359.43,4,52.46700542454335,14.597280534330286
1747.0,2024-09-22,181,Uncategorized,149.5,8,27.79028818413532,18.588821527849714
1748.0,2023-12-05,31,Fashion,137.05,9,37.91050070192279,27.661802774113674
1749.0,2024-12-30,178,Fashion,378.52,2,77.99764155334107,20.6059498978498
1750.0,2023-09-08,10,Home & Kitchen,72.16,9,5.716840654378887,7.922451017709102
1751.0,2024-08-24,39,Uncategorized,48.92,3,13.940146871792802,28.495803090336878
1752.0,2024-02-27,17,Beauty,147.17,3,30.453448542630134,20.692701326785443
1753.0,2023-12-30,73,Fashion,239.19,10,31.986018492457102,13.372640366427152
1754.0,2023-05-29,86,Home & Kitchen,232.51,2,19.721037403741043,8.481801816584682
1755.0,2024-09-28,123,Sports,131.2,7,32.604026208065704,24.850629731757397
1756.0,2024-09-13,182,Sports,64.64,9,13.252375735804778,20.501818898212836
1757.0,2023-11-16,36,Fashion,38.42,10,7.044893788432569,18.33652729940804
1758.0,2023-02-15,84,Home & Kitchen,19.38,8,5.299909564881889,27.34731457627394
1759.0,2023-09-24,164,Home & Kitchen,51.92,4,12.831991801694407,24.714930280613263
1760.0,2024-06-11,11,Electronics,366.96,9,32.26265346668259,8.79187199331878
1761.0,2023-06-24,61,Fashion,28.56,8,3.653695564060215,12.793051694888707
1762.0,2023-03-02,196,Home & Kitchen,414.95,9,46.52514214150314,11.212228495361645
1763.0,2024-05-19,120,Fashion,54.54,5,12.870707699228449,23.59865731431692
1764.0,2023-04-15,11,Beauty,275.34,5,16.075205145037373,5.838310868394485
1765.0,2024-04-10,78,Home & Kitchen,275.83,4,53.08966794451381,19.247242121782914
1766.0,2023-10-30,79,Home & Kitchen,439.95,2,105.8584246979042,24.061467143517262
1767.0,2024-03-01,124,Sports,184.77,10,49.73849667611712,26.919140919043745
1768.0,2024-09-11,109,Fashion,36.52,4,4.949206365776236,13.55204371789769
1769.0,2023-05-26,183,Home & Kitchen,241.56,6,61.67372862914286,25.53143261680032
1770.0,2024-10-25,87,Uncategorized,363.8,2,28.2519564760761,7.765793423880181
1771.0,2023-11-04,197,Uncategorized,117.85,1,30.831100645228243,26.161307293362956
1772.0,2024-12-14,51,Home & Kitchen,32.42,2,2.6542956082007176,8.18721655829956
1773.0,2024-01-29,161,Fashion,44.58,10,6.656766853295292,14.93218226400918
1774.0,2024-01-17,5,Fashion,14.14,9,3.525439118030722,24.93238414448884
1775.0,2024-06-24,82,Sports,223.2,5,19.525392446061577,8.747935683719344
1776.0,2023-10-03,72,Beauty,19.43,5,2.085088652342556,10.731284880816036
1777.0,2023-12-11,159,Uncategorized,19.95,3,4.599734684860418,23.056314209826656
1778.0,2024-01-12,124,Fashion,153.59,4,35.32710291202789,23.00091341365186
1779.0,2023-07-25,155,Sports,161.94,10,34.05386191736126,21.028690822132432
1780.0,2024-10-14,43,Home & Kitchen,295.35,7,66.0069182683395,22.348711111677503
1781.0,2024-03-13,126,Electronics,162.86,9,30.240025710897378,18.568111083689903
1782.0,2023-10-18,140,Sports,271.94,7,30.715559019789183,11.294976472673818
1783.0,2024-02-06,119,Sports,413.83,4,56.45634324793174,13.642399837597985
1784.0,2024-04-05,84,Uncategorized,480.42,2,45.831793776435234,9.539942920035642
1785.0,2024-03-15,154,Home & Kitchen,211.98,4,58.74233749787563,27.71126403334071
1786.0,2024-02-10,153,Beauty,159.37,4,31.212287582969157,19.584794869153015
1787.0,2023-01-16,137,Electronics,124.89,2,18.760083359902744,15.021285419090995
1788.0,2023-12-08,67,Beauty,369.14,8,61.09320558929879,16.550145091103317
1789.0,2024-01-12,93,Fashion,20.62,6,5.914245615698909,28.682083490295383
1790.0,2023-04-24,136,Fashion,96.58,10,8.531669628237756,8.833785077902006
1791.0,2023-02-16,110,Uncategorized,449.45,1,88.34274949998739,19.655745800419936
1792.0,2023-08-22,110,Uncategorized,260.64,6,45.99570631611181,17.64721697211165
1793.0,2024-12-26,21,Beauty,115.16,8,23.36176743816351,20.286355885866197
1794.0,2023-08-09,125,Fashion,64.01,10,3.4903082165930006,5.452754595521013
1795.0,2024-06-02,88,Fashion,268.17,2,71.87786716538828,26.803097723603784
1796.0,2024-10-06,172,Fashion,421.84,9,119.39319407072176,28.30295706209031
1797.0,2024-10-10,132,Fashion,225.2,5,43.07699823607246,19.128329589730225
1798.0,2024-02-29,191,Uncategorized,331.62,1,74.33683655351375,22.416270596922306
1799.0,2023-10-02,128,Electronics,488.08,2,136.96737449125362,28.062484529432393
1800.0,2024-10-28,25,Beauty,238.21,5,54.02832876994868,22.680965857834966
1801.0,2023-12-30,77,Beauty,127.22,2,11.212504259888082,8.813476072856535
1802.0,2023-10-21,107,Home & Kitchen,346.32,4,67.21104622324268,19.40720900417033
1803.0,2023-09-16,62,Sports,408.91,3,82.4684624041034,20.167876159571396
1804.0,2023-09-06,117,Sports,276.71,2,43.1757995140208,15.603266782559649
1805.0,2024-03-19,79,Beauty,424.14,10,99.29586452446748,23.41110589061807
1806.0,2023-12-08,59,Beauty,163.99,3,46.50621168799269,28.35917536922537
1807.0,2024-09-04,153,Fashion,48.88,9,13.754447227720808,28.139212822669414
1808.0,2023-05-30,162,Electronics,178.18,2,28.991639799197063,16.270984285103303
1809.0,2023-04-22,165,Uncategorized,331.52,5,25.961169239281794,7.830951146018881
1810.0,2024-11-29,66,Sports,209.55,4,62.07086831063931,29.621029974058366
1811.0,2024-06-08,49,Uncategorized,421.9,2,109.5777756678849,25.97245216114835
1812.0,2023-05-07,31,Home & Kitchen,381.1,10,30.93223695164125,8.116567030081672
1813.0,2024-01-10,6,Electronics,110.69,10,31.016496996729234,28.021047065434306
1814.0,2024-10-21,26,Beauty,387.12,2,103.54456992037277,26.747409051553205
1815.0,2024-08-31,156,Uncategorized,115.67,9,20.786999516943197,17.970951428151807
1816.0,2024-12-13,158,Sports,77.62,2,15.354699830630352,19.78188589362323
1817.0,2024-09-16,115,Fashion,374.92,8,56.14452343374731,14.975067596753256
1818.0,2024-08-11,165,Uncategorized,392.97,2,25.028420301973416,6.369040970550784
1819.0,2023-12-19,162,Sports,431.22,2,57.69693863563636,13.379931041147525
1820.0,2023-07-05,20,Uncategorized,467.87,8,117.3012607488879,25.071336214950286
1821.0,2023-12-08,52,Fashion,125.55,9,6.422887622056972,5.115800575115072
1822.0,2024-08-10,6,Beauty,12.23,10,1.6311737174456733,13.337479292278603
1823.0,2023-07-12,56,Beauty,390.69,4,58.42463172476142,14.954217339773585
1824.0,2024-02-29,61,Fashion,84.34,10,15.547986287946106,18.434890073448074
1825.0,2024-01-17,116,Sports,69.08,3,19.33990649544837,27.996390410319012
1826.0,2023-12-30,104,Fashion,178.66,6,24.40254383835566,13.65864985914903
1827.0,2024-12-21,92,Fashion,76.53,7,10.464582135279578,13.673830047405694
1828.0,2023-01-06,37,Fashion,303.95,3,71.23837609073951,23.43753120274371
1829.0,2024-10-09,143,Uncategorized,298.62,1,48.69133037712856,16.30544852224518
1830.0,2024-06-06,178,Uncategorized,491.36,6,52.15845644994739,10.61512057349955
1831.0,2023-01-11,73,Home & Kitchen,364.01,2,59.37362706686544,16.310987903317336
1832.0,2023-11-20,135,Sports,422.21,5,35.97831064363882,8.521425509494996
1833.0,2023-03-06,60,Fashion,139.3,8,13.107676805079228,9.409674662655583
1834.0,2023-07-18,182,Electronics,363.56,7,63.47464686429131,17.459194318486993
1835.0,2023-04-24,82,Beauty,225.42,1,34.8795437068288,15.4731362376137
1836.0,2024-11-15,82,Fashion,204.33,3,56.949115741311225,27.8711475267025
1837.0,2023-07-07,78,Beauty,418.09,5,58.78281632041828,14.059847477915827
1838.0,2023-02-03,165,Fashion,44.46,5,8.676239513340454,19.514708756951087
1839.0,2024-10-11,88,Electronics,166.9,8,34.7262274134424,20.806607197988257
1840.0,2024-01-29,188,Sports,63.3,9,3.37221977551038,5.327361414708342
1841.0,2024-11-04,173,Electronics,492.84,3,106.3964396061789,21.588434300417763
1842.0,2024-04-08,33,Beauty,353.94,2,33.45051252846996,9.450899171743785
1843.0,2023-10-14,54,Sports,393.6,6,114.2493192389944,29.02675793673638
1844.0,2023-11-30,116,Beauty,100.31,8,8.74358955522869,8.716568193827822
1845.0,2024-06-11,184,Electronics,174.86,9,26.86829356872685,15.365603093175595
1846.0,2023-05-21,71,Fashion,15.28,7,1.0900357320604197,7.133741701966098
1847.0,2023-02-15,110,Home & Kitchen,246.62,3,73.79328199756189,29.921856296148686
1848.0,2023-01-25,104,Fashion,397.16,4,69.72094257578908,17.554875258281065
1849.0,2023-06-07,25,Fashion,281.45,10,55.96527828118158,19.884625433001098
1850.0,2023-09-19,136,Home & Kitchen,154.56,4,10.31983508628884,6.676911934710689
1851.0,2023-03-01,113,Uncategorized,349.6,4,83.02654511288814,23.749011759979442
1852.0,2023-06-13,68,Home & Kitchen,440.2,6,45.110110520169215,10.247639827389644
1853.0,2023-05-08,94,Beauty,285.09,5,78.26107434416326,27.45135723601784
1854.0,2023-08-19,127,Fashion,404.81,3,41.00114446588033,10.12849101205018
1855.0,2024-04-09,101,Home & Kitchen,102.85,4,10.045558017564526,9.767193016591664
1856.0,2024-08-01,11,Electronics,242.13,5,14.318942769014804,5.913741696202372
1857.0,2024-11-03,14,Beauty,298.85,8,50.21180163653082,16.80167362774998
1858.0,2023-05-21,157,Fashion,112.27,6,21.467178507848484,19.12102833156541
1859.0,2024-06-02,160,Electronics,38.73,2,2.5727239012650216,6.64271598570881
1860.0,2023-11-22,171,Fashion,137.78,6,33.60204875705964,24.388190417375267
1861.0,2023-05-05,61,Sports,318.66,7,52.04425502020163,16.33222086870069
1862.0,2023-04-14,147,Uncategorized,92.67,1,16.78231156464671,18.109756733189503
1863.0,2023-09-27,140,Fashion,414.49,6,66.39743774460655,16.019068673455706
1864.0,2024-06-26,131,Electronics,359.46,2,53.98757246556117,15.019076521883152
1865.0,2023-10-05,65,Electronics,43.0,6,8.166133561563342,18.991008282705447
1866.0,2024-03-09,108,Sports,172.59,5,15.32772851129542,8.881006148267815
1867.0,2024-03-08,50,Uncategorized,308.88,2,29.49249023684484,9.54820326238178
1868.0,2023-12-13,115,Home & Kitchen,407.49,6,108.16675567669954,26.544640525337933
1869.0,2023-02-12,19,Fashion,86.86,5,24.887897260231835,28.652886553340817
1870.0,2023-02-21,22,Beauty,247.71,5,35.5036126839144,14.332732906993822
1871.0,2023-05-25,150,Fashion,404.23,5,47.57227980620469,11.768616828588845
1872.0,2024-07-11,98,Fashion,315.62,2,66.59578395927454,21.099988580975396
1873.0,2023-08-22,3,Beauty,128.4,7,19.540366892248898,15.218354277452411
1874.0,2024-09-11,37,Electronics,179.87,2,10.13506094815656,5.634658891508623
1875.0,2024-05-25,126,Uncategorized,481.6,3,42.880772722889326,8.90381493415476
1876.0,2024-09-21,49,Fashion,204.05,5,46.72603332407787,22.899305721184938
1877.0,2023-11-26,51,Home & Kitchen,135.84,1,29.16905706726874,21.473098547753782
1878.0,2024-06-07,138,Home & Kitchen,426.6,10,24.21978760049652,5.677399812587089
1879.0,2024-01-04,11,Beauty,417.97,2,44.09292613077872,10.549304048323735
1880.0,2024-07-26,197,Sports,371.69,3,40.05654778595507,10.776869914701786
1881.0,2024-07-23,129,Electronics,232.65,8,50.71146169956105,21.797318589968214
1882.0,2023-02-20,119,Fashion,379.93,7,20.86865615225389,5.492763443859103
1883.0,2023-12-04,8,Home & Kitchen,129.64,9,9.856159142120038,7.602714549614347
1884.0,2024-07-04,17,Electronics,158.55,5,39.6341738339798,24.99790213432974
1885.0,2024-10-26,19,Beauty,24.64,9,2.3318351182546952,9.46361655135834
1886.0,2023-07-17,184,Beauty,440.46,6,93.9001376661092,21.318652696296873
1887.0,2023-01-21,71,Beauty,323.87,7,35.47856432440083,10.954569526168163
1888.0,2024-08-01,101,Beauty,375.31,4,28.09583727912746,7.486034818983629
1889.0,2024-01-31,126,Beauty,24.59,9,2.724401044169144,11.079304774986353
1890.0,2023-02-23,62,Fashion,171.5,10,39.54219470331138,23.056673296391477
1891.0,2024-12-22,64,Home & Kitchen,107.17,7,28.28474762173766,26.392411702657142
1892.0,2024-12-02,43,Electronics,134.47,5,34.633416297080835,25.75549661417479
1893.0,2023-07-31,35,Sports,433.39,6,64.70334247533553,14.929588240461369
1894.0,2024-05-01,194,Home & Kitchen,261.07,8,56.65774665112465,21.702128414266152
1895.0,2024-04-28,8,Home & Kitchen,141.12,1,14.287845942270163,10.124607385395523
1896.0,2024-05-20,50,Uncategorized,359.09,10,44.27110461485681,12.328693256525332
1897.0,2024-01-16,156,Fashion,94.18,3,25.81322684707977,27.408395463027997
1898.0,2024-07-11,189,Fashion,322.1,4,17.151979890702023,5.325048087768402
1899.0,2024-09-15,161,Uncategorized,182.49,6,13.025612948907972,7.137713271361703
1900.0,2023-10-19,155,Electronics,255.7,3,26.0741288602098,10.197156378650686
1901.0,2024-07-31,171,Uncategorized,411.63,1,23.311862770145105,5.663305096845494
1902.0,2024-03-28,49,Beauty,236.87,5,22.587652877430077,9.535885877244935
1903.0,2024-03-26,126,Sports,414.34,1,81.11136009304555,19.576039024242302
1904.0,2024-07-31,24,Electronics,239.32,3,37.17983086194916,15.535613764812453
1905.0,2024-05-06,164,Uncategorized,22.73,8,6.209106998194909,27.31679277692437
1906.0,2023-12-02,108,Electronics,412.93,7,105.0332424871636,25.436089043461024
1907.0,2023-06-27,171,Sports,410.64,7,55.62296932530394,13.545433792446898
1908.0,2024-04-18,36,Electronics,150.65,5,17.303035061606053,11.485585835782311
1909.0,2023-01-24,55,Electronics,85.13,5,12.33730367681986,14.492310204181674
1910.0,2024-02-25,62,Uncategorized,240.46,5,47.50858046927768,19.7573735628702
1911.0,2024-05-24,135,Fashion,315.43,10,36.91032855618997,11.701591020571907
1912.0,2024-03-07,108,Electronics,117.54,6,24.2176156571468,20.603722696228346
1913.0,2023-11-01,56,Fashion,231.41,3,35.25598760839374,15.235291304781013
1914.0,2024-10-26,99,Beauty,263.42,6,49.52606709500716,18.801179521299506
1915.0,2024-09-28,173,Beauty,477.32,9,75.90897872171733,15.903163228382915
1916.0,2024-03-20,172,Electronics,287.44,9,35.5323094806822,12.361643988547941
1917.0,2023-01-24,106,Fashion,239.72,6,68.82680668624205,28.711332674053917
1918.0,2023-02-22,175,Electronics,269.51,2,64.92534939599929,24.090144853994026
1919.0,2023-04-12,173,Electronics,275.18,4,23.398085926853103,8.502829394161314
1920.0,2023-06-12,143,Sports,443.88,8,118.56789128539138,26.71169939744782
1921.0,2024-11-04,24,Fashion,47.17,5,8.10653240535739,17.18577995623784
1922.0,2024-02-29,27,Sports,272.05,4,74.4432333316344,27.36380567235229
1923.0,2023-03-17,187,Sports,362.59,10,90.63437931348426,24.996381398682882
1924.0,2024-11-16,92,Sports,386.53,2,60.4159439706232,15.630337611730837
1925.0,2024-08-04,190,Home & Kitchen,459.92,6,25.5795210706471,5.5617327080029355
1926.0,2024-06-10,160,Electronics,492.84,7,57.7457374498192,11.716933984623653
1927.0,2024-01-31,143,Beauty,102.6,8,19.02291760605124,18.540855366521676
1928.0,2024-04-03,142,Fashion,295.53,5,61.57945457630532,20.83695549565368
1929.0,2024-08-05,182,Uncategorized,383.42,4,43.89082408719961,11.44719213583006
1930.0,2024-10-08,171,Sports,15.78,8,1.3387597122172912,8.483901851820603
1931.0,2023-01-28,18,Electronics,50000.0,3,32.204441643602195,0.06440888328720439
1932.0,2024-01-14,154,Home & Kitchen,191.9,1,56.82169461925291,29.6100545175888
1933.0,2024-04-19,178,Beauty,108.3,10,19.648061685845217,18.142254557567146
1934.0,2023-10-18,188,Sports,470.71,8,43.738289160413736,9.291982146207587
1935.0,2023-01-07,134,Sports,334.16,9,39.456554057428086,11.807683162984224
1936.0,2023-08-07,50,Fashion,53.57,9,2.924797135661948,5.459766913686669
1937.0,2023-11-15,129,Electronics,168.82,3,47.02898113088586,27.857470164012476
1938.0,2024-04-23,157,Beauty,75.4,2,5.989607912479161,7.943777072253528
1939.0,2024-04-15,151,Fashion,98.25,6,19.07318592981885,19.41291188785634
1940.0,2024-08-12,111,Home & Kitchen,180.44,6,21.384631005199864,11.851380517180152
1941.0,2023-06-16,191,Uncategorized,53.83,7,10.149350468856287,18.85445006289483
1942.0,2023-10-28,165,Electronics,127.5,6,27.139024878715677,21.28550970879661
1943.0,2024-03-11,65,Sports,70.37,6,18.115732681718946,25.743545092680044
1944.0,2023-10-23,8,Home & Kitchen,454.18,7,46.147103302057694,10.16053179401508
1945.0,2023-04-10,87,Uncategorized,427.53,4,22.55176165659004,5.274895716462012
1946.0,2023-03-20,18,Sports,78.69,1,6.627382557528611,8.422140751720182
1947.0,2023-03-19,148,Electronics,286.69,10,78.8410861078583,27.500466046202625
1948.0,2023-10-07,180,Home & Kitchen,54.4,10,14.604905054850208,26.847251939062883
1949.0,2024-07-24,4,Sports,464.76,4,92.65142834116811,19.935327554257707
1950.0,2024-03-22,2,Uncategorized,316.6,9,63.36090950332368,20.012921510841338
1951.0,2024-04-02,129,Uncategorized,155.31,10,33.58721148094473,21.625916863656382
1952.0,2023-08-16,73,Beauty,448.43,10,42.08193561827838,9.38428196558624
1953.0,2023-01-22,117,Electronics,295.13,8,82.22409940020835,27.860298648123994
1954.0,2024-07-21,59,Uncategorized,204.9,7,31.69652013759645,15.469263122301829
1955.0,2023-12-27,67,Beauty,276.89,8,40.36630677175084,14.578463206237439
1956.0,2024-06-29,6,Electronics,180.57,9,32.45374251073049,17.972942632070936
1957.0,2024-12-10,27,Home & Kitchen,439.25,9,27.11995022648573,6.174149169376376
1958.0,2023-04-05,128,Fashion,431.3,9,39.49450423612426,9.157084218901984
1959.0,2024-03-07,160,Uncategorized,37.76,3,8.855037339064937,23.450840410659264
1960.0,2023-06-17,174,Beauty,204.52,9,14.459495891011718,7.069966698128162
1961.0,2024-05-06,156,Home & Kitchen,491.45,9,98.67727604931412,20.078802736659703
1962.0,2023-08-05,17,Beauty,64.76,8,7.210202085740587,11.133727742033024
1963.0,2024-10-03,160,Sports,316.41,8,46.61475630975545,14.732390351049412
1964.0,2023-05-20,197,Home & Kitchen,185.95,9,22.71815008812791,12.217343419267497
1965.0,2023-02-28,86,Beauty,426.62,1,59.26527357456914,13.891817911623727
1966.0,2024-11-22,129,Home & Kitchen,179.19,2,41.17095893749124,22.976147629606142
1967.0,2024-04-28,60,Electronics,333.85,2,41.49102119019925,12.428042890579375
1968.0,2023-09-30,35,Sports,488.94,8,93.68147120669124,19.16011600742243
1969.0,2024-06-06,169,Fashion,294.67,8,49.802943004002174,16.90126005497749
1970.0,2023-01-12,74,Electronics,395.82,2,85.46458016846084,21.5917791340662
1971.0,2023-02-15,124,Electronics,242.01,10,68.78104130349617,28.420743483118947
1972.0,2024-01-16,165,Fashion,440.54,7,102.70882792625092,23.314302430256255
1973.0,2023-09-15,178,Electronics,304.82,3,31.62053155050862,10.373509464768919
1974.0,2023-05-01,185,Beauty,243.02,8,14.045531370648352,5.779578376532117
1975.0,2023-03-12,180,Beauty,348.54,5,40.27937750006526,11.556601107495625
1976.0,2024-12-24,19,Sports,24.75,6,4.919544696207828,19.87694826750638
1977.0,2023-08-14,18,Uncategorized,421.68,2,26.505309257509676,6.285645337106259
1978.0,2023-08-15,49,Beauty,361.71,2,62.9706588187898,17.40915618003091
1979.0,2023-07-11,100,Beauty,185.8,7,37.01335033218951,19.921071222922233
1980.0,2023-12-23,142,Home & Kitchen,95.61,4,12.769764600252408,13.356097270424023
1981.0,2024-09-04,17,Fashion,392.89,1,95.365423932424,24.272805093645548
1982.0,2023-11-08,131,Home & Kitchen,247.98,5,19.007558703028185,7.664956328344295
1983.0,2024-04-24,155,Electronics,498.75,10,34.30624216018366,6.8784445433952195
1984.0,2023-06-29,4,Beauty,284.39,3,65.99190009418568,23.204718905090083
1985.0,2023-06-04,133,Sports,51.86,4,9.017044914613365,17.387282905154965
1986.0,2024-10-04,145,Sports,205.8,3,45.70830329620703,22.210059910693403
1987.0,2024-07-14,143,Beauty,477.37,5,75.76188165731757,15.870683465093654
1988.0,2024-03-29,102,Beauty,42.69,4,4.764225699744367,11.16005083097767
1989.0,2023-07-01,94,Fashion,444.51,3,113.25029280733963,25.477557941854993
1990.0,2024-05-18,200,Sports,224.03,2,55.97478484135511,24.985396974224482
1991.0,2024-02-05,81,Beauty,106.86,7,23.90181621887601,22.36741177136067
1992.0,2024-08-20,63,Home & Kitchen,401.37,8,47.37622343249753,11.803628430749068
1993.0,2024-07-30,63,Electronics,143.31,10,28.31198921725222,19.755766671727176
1994.0,2023-02-25,167,Home & Kitchen,358.84,9,50.32496829448981,14.024347423500672
1995.0,2024-05-30,6,Electronics,420.86,9,30.67880784506181,7.289551833165854
1996.0,2024-11-21,63,Sports,308.81,4,86.2594013096238,27.93283938655607
1997.0,2023-06-01,121,Uncategorized,39.26,10,3.305874862469606,8.420465772974035
1998.0,2024-06-29,37,Electronics,48.26,5,13.87761367384798,28.755933845520058
1999.0,2024-04-16,70,Beauty,273.73,7,44.20779005794531,16.150144323948894
