order_id,order_date,customer_id,category,sales_amount,quantity,profit
1000.0,2023-09-10,19,,101.59,5,14.591882668425889
1001.0,2023-12-05,162,Sports,462.87,1,133.15778275198946
1002.0,2024-12-09,159,Electronics,63.13,6,14.709194386638503
1003.0,2023-08-03,157,Sports,171.36,5,34.21452946300105
1004.0,2024-04-15,112,Electronics,430.61,4,38.3262966902294
1005.0,2024-07-03,12,Beauty,114.41,6,10.182333267916237
1006.0,2023-03-26,115,Beauty,302.9,8,19.543381531436903
1007.0,2023-06-09,89,Beauty,397.07,1,105.83664055071338
1008.0,2024-04-26,133,Fashion,72.97,2,14.614340601725488
1009.0,2024-02-08,148,Beauty,469.24,6,106.5259941012541
1010.0,2023-04-17,28,Beauty,204.56,6,11.280691038287339
1011.0,2024-10-07,177,Home & Kitchen,365.73,2,106.96778255780156
1012.0,2023-11-26,95,Fashion,409.01,4,105.56984112844512
1013.0,2023-12-24,177,,25.06,9,2.5833045283994
1014.0,2024-11-22,30,Sports,199.65,10,19.057838675724412
1015.0,2023-12-09,2,,78.78,7,7.551151821563379
1016.0,2023-02-17,32,Beauty,479.53,7,60.44982069159677
1017.0,2023-11-12,63,Fashion,122.4,3,22.17754680794648
1018.0,2023-02-11,190,Sports,95.08,2,15.021333093123094
1019.0,2024-03-07,55,,36.19,3,4.444395645941784
1020.0,2024-08-28,50,,199.91,10,40.57437804598772
1021.0,2023-03-17,171,Electronics,325.78,3,27.650077480805546
1022.0,2024-05-25,37,Fashion,368.09,2,45.28838091983211
1023.0,2023-02-24,175,Sports,32.0,5,4.530894746349533
1024.0,2023-12-27,92,Sports,164.97,3,27.057966324071103
1025.0,2024-08-15,106,,53.64,4,13.211209642280313
1026.0,2024-08-09,135,,52.77,4,5.2726963711241615
1027.0,2023-04-06,136,Electronics,470.69,3,84.04575195422572
1028.0,2024-04-16,87,Beauty,141.97,4,28.124774085336046
1029.0,2024-10-16,15,Home & Kitchen,55.78,5,3.4367510053803687
1030.0,2023-07-11,112,Home & Kitchen,434.54,6,87.72763498631275
1031.0,2024-08-10,102,Electronics,265.43,5,24.587054537579448
1032.0,2023-09-20,104,Beauty,264.14,4,17.50268194278293
1033.0,2023-09-19,156,Sports,334.84,6,96.17320832347653
1034.0,2023-10-28,136,,290.16,2,84.55494767922853
1035.0,2023-03-23,132,Electronics,114.84,3,28.951087864423602
1036.0,2024-12-28,105,,361.7,8,45.62970007750205
1037.0,2023-07-26,186,Fashion,384.88,3,28.642010809694256
1038.0,2024-07-14,147,Beauty,393.7,6,87.03063563445905
1039.0,2023-07-20,88,Home & Kitchen,86.81,4,13.892909495383696
1040.0,2024-08-18,12,Sports,26.13,1,2.103714769123518
1041.0,2023-07-27,164,Home & Kitchen,391.53,2,68.0456539039664
1042.0,2023-10-21,132,,90.01,1,5.274327696395202
1043.0,2024-06-04,155,Electronics,11.56,5,3.2059359620076804
1044.0,2023-10-25,192,Home & Kitchen,37.4,1,4.289592827960158
1045.0,2023-09-19,111,Home & Kitchen,51.61,6,11.128693773877252
1046.0,2023-07-05,48,Home & Kitchen,180.62,9,23.106313640817355
1047.0,2024-01-28,50,Home & Kitchen,228.72,5,41.17348945094722
1048.0,2023-01-16,167,Sports,447.36,9,83.5120776417524
1049.0,2024-11-10,168,,192.54,5,18.524969216721242
1050.0,2024-01-06,12,Home & Kitchen,431.49,2,126.16601775853235
,2023-10-18,127,,322.61,6,78.6469000361323
1052.0,2024-07-22,22,Beauty,189.81,7,54.07207352457469
1053.0,2024-02-27,28,Fashion,403.53,1,110.44892017951729
1054.0,2024-01-21,102,Home & Kitchen,351.61,4,70.13740288744143
1055.0,2023-09-01,127,Beauty,410.23,9,115.05661685838331
1056.0,2024-07-08,32,,163.88,1,11.819537809067143
1057.0,2024-05-24,165,Beauty,495.94,4,49.09593519703772
1058.0,2024-10-08,41,Sports,233.28,1,14.301655489262581
1059.0,2024-11-14,46,Sports,241.97,9,31.778545033696773
1060.0,2024-04-18,182,Beauty,389.44,6,57.31362092416798
1061.0,2023-01-19,146,Home & Kitchen,218.9,7,25.794575763826455
1062.0,2024-07-02,136,,462.44,10,118.93234343305454
1063.0,2024-07-29,72,Beauty,360.38,4,50.16069096845893
1064.0,2023-06-10,104,Sports,159.79,3,19.212131325736642
1065.0,2023-10-20,188,Beauty,194.04,7,36.02818699400663
1066.0,2023-09-21,64,Sports,244.26,7,20.81853779808388
1067.0,2023-10-24,148,Home & Kitchen,35.2,2,8.819333430635549
1068.0,2024-02-02,172,Home & Kitchen,142.98,5,9.813812758333407
1069.0,2024-01-08,5,,108.64,2,32.23584919807005
1070.0,2024-06-07,106,Fashion,149.41,5,36.315772745153396
1071.0,2024-07-11,76,Electronics,168.47,7,16.792907717015506
1072.0,2024-07-30,9,Electronics,93.54,4,4.806134708935443
1073.0,2023-08-06,19,Beauty,420.34,10,106.70976420917624
1074.0,2024-12-03,152,Electronics,279.34,1,63.33038260759833
1075.0,2023-03-07,49,Sports,239.9,6,55.717204903258214
1076.0,2024-07-09,64,Fashion,232.15,9,56.37010274578558
1077.0,2024-07-28,137,Sports,408.6,4,27.99366117463733
1078.0,2024-01-13,145,,205.79,8,28.731665569281468
1079.0,2024-07-27,200,Home & Kitchen,169.11,10,13.354154164073673
1080.0,2023-03-05,111,Electronics,246.49,8,65.51109086101877
1081.0,2023-03-09,130,,111.35,3,22.91856160556214
1082.0,2024-04-12,162,Sports,215.66,2,28.62336700993058
1083.0,2023-09-02,143,,485.71,6,32.00323157935613
1084.0,2024-09-27,72,,164.58,6,21.02436762699092
1085.0,2024-07-29,115,,250.07,7,32.833148334807156
1086.0,2023-03-20,134,Fashion,281.34,2,65.38385055340773
1087.0,2024-06-19,73,Electronics,233.22,2,48.833788367365706
1088.0,2023-12-02,31,Electronics,126.68,7,34.43202755739226
1089.0,2024-03-09,171,Electronics,117.69,4,19.778243635577454
1090.0,2024-03-12,48,Home & Kitchen,145.77,9,11.64681330760656
1091.0,2024-06-13,114,Home & Kitchen,383.86,6,87.63953600585471
1092.0,2024-10-16,195,Beauty,323.44,1,77.68907903116232
1093.0,2024-12-02,87,Electronics,247.54,3,47.111639371588275
1094.0,2023-08-07,198,Fashion,144.03,6,34.962100732213855
1095.0,2023-07-18,127,Beauty,161.88,9,28.07790778486689
1096.0,2024-06-25,107,Sports,198.38,6,35.843934673199996
1097.0,2023-10-27,113,Home & Kitchen,278.99,10,43.76941717796294
1098.0,2023-01-20,104,Fashion,213.64,10,12.039635559402123
1099.0,2024-09-09,115,Home & Kitchen,497.05,3,38.2593584467555
1100.0,2023-11-04,179,Beauty,192.9,5,11.160672479742761
1101.0,2023-12-14,52,Beauty,203.81,7,42.617201479917775
1102.0,2024-12-01,168,Electronics,355.92,3,45.767395196171556
1103.0,2023-08-29,176,,386.7,4,68.50107156834764
1104.0,2023-03-19,17,Sports,109.23,9,30.244871486736788
1105.0,2024-08-05,147,Home & Kitchen,232.82,8,26.151054197610264
1106.0,2023-05-02,163,,319.55,4,48.76196576400887
1107.0,2024-11-29,2,Fashion,201.45,6,48.123944214874285
1108.0,2024-12-06,181,,242.54,5,26.000176764584527
1109.0,2023-10-23,13,Sports,459.56,4,31.82222184023003
1110.0,2023-04-14,20,,147.84,9,18.101213699692867
1111.0,2024-03-04,199,Beauty,111.45,2,10.0645281161147
1112.0,2023-01-17,4,,363.64,8,102.70081357446331
1113.0,2023-03-25,89,Fashion,81.09,7,20.437120394719642
1114.0,2024-09-21,101,Electronics,360.24,6,75.05634231132875
1115.0,2024-11-07,118,Home & Kitchen,360.21,9,96.48770479787945
1116.0,2023-05-08,28,Home & Kitchen,22.62,3,5.675765594864493
1117.0,2023-07-19,132,Beauty,318.87,1,30.81639866924756
1118.0,2023-02-28,53,Sports,228.92,8,62.52715148358142
1119.0,2023-08-04,117,Electronics,332.66,2,61.487397548915105
1120.0,2024-12-04,189,,317.57,10,79.98319251886284
1121.0,2023-07-08,34,Fashion,484.04,2,132.63800820374192
1122.0,2023-02-24,78,Home & Kitchen,180.42,10,23.364546738605917
1123.0,2023-05-29,14,Beauty,121.4,7,9.41007590941499
1124.0,2023-02-19,190,Beauty,72.57,4,7.763813686417176
1125.0,2024-06-27,125,Fashion,479.55,6,75.18238500893031
1126.0,2023-09-25,57,Fashion,184.78,4,47.027192111789574
1127.0,2024-08-04,41,Fashion,78.98,10,20.944125366396502
1128.0,2024-11-02,8,Home & Kitchen,247.37,10,12.798437132375161
1129.0,2024-01-31,35,Beauty,377.06,3,66.99859447747423
1130.0,2023-11-17,73,Beauty,306.5,7,47.30911811627519
1131.0,2023-10-26,47,,496.12,1,52.354031732684675
1132.0,2023-06-01,185,Beauty,48.4,1,3.870370944737562
1133.0,2024-08-13,1,Sports,331.79,4,44.59383443000243
1134.0,2023-04-22,84,Sports,139.72,3,39.92183595766429
1135.0,2023-06-05,177,Electronics,317.7,6,41.55539287574848
1136.0,2023-03-21,174,Electronics,241.81,8,43.452690060940846
1137.0,2024-10-07,125,,239.57,2,54.08406299562944
1138.0,2024-07-12,26,Sports,359.89,7,50.71116440007102
1139.0,2023-02-24,71,,361.24,8,105.82363989052996
1140.0,2023-07-04,62,Electronics,163.09,1,47.39588233302723
1141.0,2023-05-21,25,Home & Kitchen,14.01,10,1.582367491128338
1142.0,2024-07-03,117,Home & Kitchen,207.2,1,36.117472605225565
1143.0,2023-12-18,95,Fashion,111.98,7,14.02208828332047
1144.0,2024-07-10,160,Fashion,75.76,1,9.182878963509237
1145.0,2023-09-03,158,Fashion,340.14,6,20.143681568292696
1146.0,2024-11-13,86,Beauty,83.39,6,16.8773924526459
1147.0,2023-03-20,4,,442.78,7,77.78305447631882
1148.0,2024-11-18,61,Home & Kitchen,279.34,7,17.562018593543005
1149.0,2023-11-13,73,Electronics,192.15,5,22.992979525766224
1150.0,2023-09-08,36,Fashion,329.0,8,91.15486912075727
1151.0,2023-06-25,121,Sports,77.07,7,8.46925872842589
1152.0,2024-01-21,116,Sports,159.14,3,13.72164248614931
1153.0,2024-04-24,102,Beauty,230.62,9,39.7503988938029
1154.0,2023-12-25,61,Home & Kitchen,486.13,6,144.09506381419658
1155.0,2024-09-08,115,Fashion,393.27,4,43.46176915683194
1156.0,2023-12-08,4,,25.51,5,5.562044453580991
1157.0,2023-07-15,199,Electronics,438.0,5,105.29734787849458
1158.0,2023-03-21,30,Sports,46.4,2,5.0765955103118365
1159.0,2024-11-18,71,Sports,307.89,1,71.44713289352636
1160.0,2023-07-05,100,Home & Kitchen,499.12,3,70.84797930070843
1161.0,2023-07-23,15,Beauty,408.86,1,85.07414047412274
1162.0,2023-11-21,145,,214.5,1,44.69803073955298
1163.0,2024-09-25,177,Sports,40.74,5,7.493865157301416
1164.0,2024-12-09,113,Sports,177.0,7,12.845322324907569
1165.0,2023-09-15,156,Electronics,151.27,2,39.15255212694601
1166.0,2023-04-25,20,Electronics,361.81,10,47.10585882685593
1167.0,2024-04-04,80,,296.2,2,28.621695695109207
1168.0,2024-05-20,80,Home & Kitchen,78.28,6,4.71196952022673
1169.0,2024-04-12,26,Beauty,417.03,4,82.45652102444812
1170.0,2024-06-02,43,Beauty,351.89,8,77.20153082217018
1171.0,2024-12-20,127,Beauty,107.96,3,5.845705502762837
1172.0,2024-05-21,27,Beauty,228.11,4,40.60888688216225
1173.0,2023-11-10,137,Home & Kitchen,48.79,8,5.202182217976849
1174.0,2023-01-04,55,Fashion,353.8,10,74.75553331171585
1175.0,2023-02-25,20,Home & Kitchen,260.01,4,24.334753801396957
1176.0,2024-02-28,153,Sports,266.8,4,59.42554713143448
1177.0,2024-04-18,52,Beauty,225.91,5,33.1373455206886
1178.0,2024-06-03,133,Home & Kitchen,23.2,3,6.59303393467306
1179.0,2024-03-13,181,Electronics,223.91,6,18.893578650932337
,2024-04-30,22,Sports,377.1,8,51.00903024526312
1181.0,2024-01-06,165,Beauty,426.34,7,33.41157526142818
1182.0,2023-10-28,100,Home & Kitchen,160.57,2,45.1480135717472
1183.0,2024-06-29,127,Home & Kitchen,248.98,5,67.05898805119915
1184.0,2024-02-03,156,Home & Kitchen,450.28,5,51.55048903189506
1185.0,2024-09-25,1,Home & Kitchen,254.57,5,54.731534649730236
1186.0,2024-05-07,173,,293.17,4,74.55475810824763
1187.0,2023-10-15,174,Electronics,181.2,4,34.21059676545564
1188.0,2024-07-13,111,Electronics,226.9,5,41.38942905724447
1189.0,2024-06-10,132,,56.8,1,6.2743025307864135
1190.0,2023-05-28,118,Beauty,443.79,7,32.519019331145
1191.0,2023-06-24,93,Fashion,253.15,1,69.44004228147118
1192.0,2024-07-16,6,Sports,403.13,1,110.90288284606335
1193.0,2023-12-13,30,Sports,376.17,1,78.34694379562131
1194.0,2024-12-06,167,Sports,231.15,2,31.149184050226793
1195.0,2024-02-29,122,Beauty,215.73,10,29.62024538279733
1196.0,2024-03-01,189,Fashion,50000.0,7,44.3694812422647
1197.0,2024-09-30,168,Beauty,201.21,10,55.18738885126451
1198.0,2023-04-17,40,Beauty,481.45,9,130.84443974061017
1199.0,2024-06-30,113,Electronics,100.28,8,24.56547993465063
1200.0,2024-04-26,134,Home & Kitchen,118.7,7,24.98728909962849
1201.0,2023-03-25,180,Fashion,12.88,1,0.9149306872840574
1202.0,2023-05-06,21,Sports,386.44,1,34.93695006868064
1203.0,2023-02-01,99,,222.99,8,61.24164962491336
1204.0,2023-01-07,15,Electronics,188.81,5,38.0654676885818
1205.0,2023-09-22,186,Beauty,201.3,9,10.527841622606887
1206.0,2023-03-06,55,,147.95,4,11.150678691757362
1207.0,2023-07-01,87,Home & Kitchen,225.79,2,48.74251611172698
1208.0,2024-12-23,174,Sports,496.97,7,25.47736383101383
1209.0,2024-10-17,120,Home & Kitchen,214.86,4,19.38080448189094
1210.0,2024-04-17,80,Beauty,77.73,4,14.549769361866186
1211.0,2023-03-05,138,Home & Kitchen,34.32,3,7.652460796203308
1212.0,2023-02-05,151,,100.52,5,21.40978645130035
1213.0,2023-08-20,65,Electronics,310.75,8,32.96042197871724
1214.0,2023-02-27,4,Sports,72.65,7,16.567455107724623
1215.0,2024-04-21,75,Fashion,81.63,4,8.923160753090947
1216.0,2023-05-18,24,,82.3,2,10.810098789626933
1217.0,2023-09-23,75,Sports,208.6,8,49.359526776904964
1218.0,2023-08-31,141,Home & Kitchen,159.37,1,33.85149878028865
1219.0,2023-11-10,174,Electronics,444.88,4,116.69462771516248
1220.0,2023-04-27,49,Fashion,252.75,7,54.19041463222795
1221.0,2023-12-18,54,Fashion,92.28,3,17.72487947894933
1222.0,2023-11-10,78,,215.24,5,15.802639256829657
1223.0,2024-03-05,157,,191.47,1,27.17513620294744
1224.0,2024-07-03,32,Fashion,196.18,3,22.815850122950227
1225.0,2023-03-25,43,Fashion,370.64,9,41.14008035550589
1226.0,2024-08-07,89,Electronics,22.28,8,6.533668789971123
1227.0,2024-10-28,120,Home & Kitchen,21.84,1,3.2383135766805116
1228.0,2024-11-21,84,Home & Kitchen,455.35,7,124.31584972497464
1229.0,2023-12-14,11,Electronics,252.59,1,52.484326385162156
1230.0,2024-09-02,190,Home & Kitchen,405.17,5,100.76692396399243
1231.0,2023-02-27,176,Sports,396.68,10,69.68052052324191
1232.0,2023-01-16,185,Sports,104.68,6,20.33157466067182
1233.0,2023-02-07,123,Electronics,282.79,6,48.95926965875914
1234.0,2024-02-12,114,Home & Kitchen,398.66,6,39.39189237889211
1235.0,2024-04-26,27,,280.34,9,64.65005649810259
1236.0,2024-08-23,127,Home & Kitchen,389.82,7,46.853670581673605
1237.0,2023-08-13,13,Home & Kitchen,180.76,6,10.1368385230374
1238.0,2023-05-26,72,,176.44,5,37.29378297246517
1239.0,2023-12-10,59,Electronics,375.73,3,35.422948893402626
1240.0,2023-01-17,187,Home & Kitchen,346.5,6,98.7922248695712
1241.0,2024-12-08,115,Home & Kitchen,367.05,6,105.88737104719992
1242.0,2024-06-01,101,Electronics,292.86,5,81.62479632999013
1243.0,2023-04-01,173,Electronics,43.38,7,6.183371104270296
1244.0,2023-11-26,122,Electronics,293.21,9,15.793508633107304
1245.0,2024-03-16,12,Beauty,250.09,2,70.54529732939106
1246.0,2023-12-10,188,Sports,253.5,3,39.81117039960979
1247.0,2024-03-24,167,Electronics,123.97,1,36.15754947921093
1248.0,2023-06-24,138,Fashion,438.22,3,127.4803865900131
1249.0,2024-09-29,48,Electronics,34.55,1,9.095369171599323
1250.0,2023-04-10,131,,436.92,8,54.00865248076085
1251.0,2024-11-18,54,,434.93,8,63.61913877520883
1252.0,2023-11-06,4,Home & Kitchen,373.13,10,98.0526565607712
1253.0,2023-12-06,156,Home & Kitchen,178.93,4,23.123213595653194
1254.0,2024-04-22,141,Electronics,367.66,4,33.96192581165219
1255.0,2024-03-01,127,Home & Kitchen,55.6,2,10.51953754817107
1256.0,2023-03-28,107,Beauty,301.27,1,85.57233720285461
1257.0,2023-01-15,191,Fashion,100.15,1,22.43434603424964
1258.0,2024-10-03,172,Electronics,255.78,7,49.24156152136444
1259.0,2023-10-21,125,,468.02,3,34.77113565364877
1260.0,2023-12-05,14,,233.68,9,47.61272218376549
1261.0,2023-06-27,24,Fashion,20.59,10,6.125802193411695
1262.0,2024-09-19,68,Fashion,131.93,1,11.216821032538654
1263.0,2024-06-25,150,Beauty,190.05,1,34.12963760793205
1264.0,2024-05-05,136,Sports,427.6,1,115.17118138909845
1265.0,2023-11-08,103,Sports,37.14,4,8.73503661584779
1266.0,2023-05-09,198,Beauty,261.54,3,58.6513742249756
1267.0,2023-12-10,198,Sports,425.91,9,96.09424905273744
1268.0,2023-10-20,19,,347.19,5,48.5624331979967
1269.0,2023-05-08,76,Electronics,98.52,5,12.157167124234471
1270.0,2024-06-24,89,Sports,247.31,5,62.4062768403478
1271.0,2024-08-17,96,Home & Kitchen,85.84,9,21.67703344981522
1272.0,2023-01-05,185,Fashion,301.63,3,80.46525586332916
1273.0,2024-02-07,121,Home & Kitchen,332.38,6,92.50472371467998
1274.0,2023-12-06,24,,369.52,10,65.71381080677342
1275.0,2023-05-15,104,Beauty,164.42,2,28.835827293117337
1276.0,2024-03-08,185,,239.91,7,59.875249096479756
1277.0,2024-11-20,83,,270.63,10,57.506434646596645
1278.0,2024-08-29,46,Sports,374.67,10,84.48498247553594
1279.0,2024-02-06,34,Fashion,143.7,9,35.773851649491924
1280.0,2023-02-22,38,,280.84,8,76.52927504901133
1281.0,2024-11-01,91,Electronics,186.54,10,25.089404139771368
1282.0,2024-11-18,13,Beauty,60.21,4,8.663962394612758
1283.0,2023-04-11,193,Home & Kitchen,421.74,4,30.995985827122023
1284.0,2023-10-20,198,Home & Kitchen,121.33,1,23.607182376766445
1285.0,2024-01-23,1,Fashion,97.22,6,5.734576964629817
1286.0,2023-06-12,88,Beauty,125.18,6,20.82988997745534
1287.0,2024-07-22,75,Home & Kitchen,459.51,2,85.31315902361963
1288.0,2024-08-05,111,Electronics,477.79,8,58.11613621359326
1289.0,2024-04-26,34,Sports,307.56,8,60.807169405151235
1290.0,2024-01-07,173,,12.15,3,0.7001445091898627
1291.0,2024-01-01,145,Home & Kitchen,318.31,2,18.88757549019061
1292.0,2024-07-05,183,Home & Kitchen,125.12,8,31.98694553743411
1293.0,2023-12-06,129,Electronics,85.08,8,11.915254942817564
1294.0,2024-04-13,41,Fashion,414.34,2,33.87856320304549
1295.0,2024-01-30,45,,380.59,3,68.71964058606449
1296.0,2024-03-10,38,Beauty,147.46,9,35.75881233498029
1297.0,2024-11-12,133,Electronics,383.26,6,39.84189174961003
1298.0,2023-01-13,144,,342.4,10,70.43942473010642
1299.0,2024-09-05,78,,353.36,10,25.207595057549465
1300.0,2024-01-15,190,Home & Kitchen,217.67,4,13.69589006169271
1301.0,2023-09-19,51,Sports,431.68,2,78.92779183883454
1302.0,2023-10-14,67,Sports,434.15,3,80.38668451175694
1303.0,2023-08-16,169,Beauty,234.59,6,49.11317014811607
1304.0,2024-12-29,50,Home & Kitchen,114.4,4,26.48621214446812
1305.0,2023-09-18,15,Home & Kitchen,201.58,3,59.25706554451444
1306.0,2024-05-13,47,,164.99,5,29.54559861655356
1307.0,2023-08-07,68,,167.08,4,21.843891874755844
1308.0,2024-11-30,189,Fashion,232.43,9,57.82778181252245
1309.0,2023-08-08,78,Beauty,247.63,5,29.14804759500686
1310.0,2024-04-18,52,Fashion,132.9,1,21.22982545294476
1311.0,2023-01-07,34,Fashion,79.31,10,5.521093901063779
1312.0,2023-01-16,93,Beauty,359.52,6,20.25452481818132
1313.0,2024-01-12,22,Home & Kitchen,114.19,6,33.190705618018065
1314.0,2023-06-09,61,Home & Kitchen,224.64,10,58.18064356796548
1315.0,2024-09-22,192,Electronics,178.07,7,39.886531719776194
1316.0,2024-01-25,39,Beauty,58.01,2,8.831340076367947
1317.0,2023-03-29,127,Beauty,336.81,7,31.43231498576539
1318.0,2024-01-31,43,Home & Kitchen,412.19,10,36.729946154648744
1319.0,2023-11-03,163,Sports,176.4,4,19.855711809058654
1320.0,2023-03-28,183,Electronics,240.92,2,45.125922015249635
1321.0,2024-04-06,113,,150.57,7,34.4276770202371
1322.0,2023-02-17,128,Fashion,85.33,5,18.350160538831002
1323.0,2023-04-19,123,Electronics,124.1,10,14.889949152747876
1324.0,2023-02-26,151,Beauty,45.03,7,13.000895897065908
1325.0,2024-01-23,122,Beauty,102.51,10,24.03595323262081
1326.0,2024-04-09,99,,87.57,4,16.51469609460584
1327.0,2023-03-15,112,Electronics,170.97,4,34.694973995921806
1328.0,2023-01-01,164,,487.38,5,75.49516960651407
1329.0,2023-03-11,59,Sports,101.23,6,11.330952016800543
1330.0,2024-11-17,84,Home & Kitchen,256.27,8,35.619779589489696
1331.0,2024-04-06,44,Beauty,410.11,3,98.20556709063561
1332.0,2024-08-05,165,Electronics,370.58,4,19.862484754103733
1333.0,2024-09-14,106,Beauty,203.44,8,16.07545449618176
1334.0,2023-07-01,158,Beauty,425.05,4,26.140855747836504
1335.0,2024-12-21,172,Electronics,240.54,1,14.476226527451269
1336.0,2023-06-17,65,,275.73,6,72.75553670733876
1337.0,2023-12-31,15,,224.66,1,50.75394367207903
1338.0,2023-03-21,169,Electronics,284.32,1,47.92027577152707
1339.0,2024-12-15,191,,145.75,6,10.852332228720867
1340.0,2023-05-23,165,Electronics,369.43,2,63.87591318610285
1341.0,2024-07-30,136,Sports,498.85,10,83.99034821347131
1342.0,2024-02-01,132,Home & Kitchen,247.27,7,23.070406593162364
1343.0,2024-08-30,117,Electronics,377.87,5,59.878380674388225
1344.0,2023-04-14,152,Electronics,459.34,2,68.72929117452239
1345.0,2024-02-22,66,Home & Kitchen,420.11,2,85.68669617317917
1346.0,2023-05-29,125,Home & Kitchen,364.71,8,76.1417513519846
1347.0,2024-07-15,46,Sports,383.27,1,23.504416956332875
1348.0,2024-06-09,10,Electronics,183.18,9,26.31438468681925
1349.0,2024-11-07,84,Fashion,373.81,4,77.17867377328467
1350.0,2023-09-01,66,Home & Kitchen,202.72,9,35.634945584838846
1351.0,2023-11-07,45,Sports,375.05,10,99.05912873442007
1352.0,2024-10-26,142,Fashion,181.32,1,38.92458232128678
1353.0,2024-10-06,118,Electronics,363.29,8,32.96261200360315
1354.0,2023-03-15,73,Electronics,172.2,10,11.647984575588504
1355.0,2024-10-08,2,Sports,378.0,5,79.60862179049683
1356.0,2023-03-23,55,Home & Kitchen,397.97,3,22.536176564062313
1357.0,2024-09-30,25,Sports,375.56,2,73.77646932576546
1358.0,2024-02-14,192,,299.07,9,85.25216457574052
1359.0,2023-06-23,200,Fashion,422.9,7,81.9870074559273
1360.0,2024-02-19,87,Fashion,139.42,10,20.50066277792832
1361.0,2024-07-06,73,Beauty,77.04,7,16.24173108719972
1362.0,2023-09-22,170,Fashion,180.85,9,29.76125881134769
1363.0,2023-12-08,70,Beauty,44.5,4,8.294986781139775
1364.0,2024-08-09,194,Sports,367.28,10,104.80929874186053
1365.0,2023-12-05,21,Home & Kitchen,474.14,4,69.47367617171479
1366.0,2024-12-07,26,Fashion,347.24,4,100.80295284555399
1367.0,2024-01-05,187,Sports,305.76,10,84.4930030711215
1368.0,2023-08-02,197,Beauty,355.29,6,35.155158069822285
1369.0,2023-04-20,56,,227.63,6,15.328678229553478
1370.0,2024-09-01,19,Home & Kitchen,418.11,8,31.439572538978968
1371.0,2024-12-17,10,,69.65,9,3.7997875391576104
1372.0,2023-01-15,52,Beauty,380.27,5,27.991956171664224
1373.0,2023-08-10,130,Beauty,192.7,2,42.53885130933299
1374.0,2024-06-14,143,Home & Kitchen,141.85,4,9.61702744602087
1375.0,2024-12-14,53,Electronics,338.36,6,43.90014856654928
1376.0,2024-02-24,91,Electronics,311.64,2,81.4062354776302
1377.0,2023-08-20,198,Sports,233.43,4,13.029591989703459
1378.0,2023-08-10,9,Sports,105.39,10,26.728708345011988
1379.0,2024-07-21,5,,456.83,8,55.03142918993307
1380.0,2024-12-15,157,Home & Kitchen,134.66,9,10.711018921883058
1381.0,2023-07-11,20,Beauty,323.05,1,72.42273531772223
1382.0,2024-01-15,115,Fashion,200.8,5,41.61293090835018
1383.0,2024-03-18,108,Fashion,97.29,8,26.20681304901175
1384.0,2023-07-30,146,,310.69,9,72.62930564985732
1385.0,2023-11-26,81,Fashion,212.8,1,53.38518549647395
1386.0,2023-12-02,61,Sports,423.96,10,51.090844346832775
1387.0,2024-10-25,54,Sports,392.75,4,37.059845204871536
1388.0,2024-07-07,113,Electronics,167.92,6,39.90680727388323
1389.0,2023-01-22,164,,30.77,8,7.745076231813429
1390.0,2024-10-10,12,Beauty,325.82,3,96.97259634166485
1391.0,2024-03-03,94,,212.15,8,32.49171003918978
1392.0,2024-06-26,14,Fashion,290.86,3,41.59429510842224
1393.0,2024-01-02,169,Beauty,117.32,7,28.63819213856277
1394.0,2024-03-12,126,,225.01,9,30.421551148082884
1395.0,2023-07-09,64,,179.41,4,50.71729294663389
1396.0,2024-01-13,159,Fashion,144.4,7,38.208700341532726
1397.0,2023-07-22,45,Fashion,243.65,5,38.3135986924808
1398.0,2024-01-18,61,,408.1,6,97.01262069142751
1399.0,2023-04-19,148,Home & Kitchen,70.67,2,16.864386227891128
1400.0,2024-08-26,108,Electronics,217.83,1,16.5073680871328
1401.0,2023-02-26,66,Electronics,347.25,10,95.7153742111199
1402.0,2024-10-10,113,Fashion,483.91,1,85.31966888781065
1403.0,2024-10-23,173,Sports,15.5,3,3.977522681167499
1404.0,2023-08-31,54,Sports,433.63,6,56.37727712372604
1405.0,2024-04-02,70,Home & Kitchen,276.42,7,75.70613270522993
1406.0,2024-07-23,27,Home & Kitchen,434.87,9,64.05653350778138
1407.0,2024-06-09,89,Sports,127.6,7,6.725721082221518
1408.0,2024-02-13,68,Fashion,277.81,4,76.77154171725891
1409.0,2023-08-20,172,Sports,171.41,2,12.482362316977788
1410.0,2023-01-22,53,Sports,325.37,6,42.242269565698315
1411.0,2024-11-08,98,Sports,96.63,8,27.78262196902982
1412.0,2024-06-04,100,Fashion,410.91,8,118.1989956870278
1413.0,2023-04-17,112,,295.2,4,57.079716143498516
1414.0,2023-04-17,92,Fashion,33.16,9,6.895930488887635
1415.0,2023-12-15,160,,204.0,6,33.07072162089431
1416.0,2024-09-26,30,,220.53,7,27.191942870643544
1417.0,2024-12-15,10,Beauty,403.84,5,53.37397250054671
1418.0,2023-03-23,26,Electronics,122.44,9,26.707789940518147
1419.0,2024-02-01,162,Fashion,416.58,3,99.18504536828718
1420.0,2023-09-18,18,Beauty,203.11,4,50.349904892789276
1421.0,2024-02-05,79,Beauty,390.0,9,96.487768922469
1422.0,2023-02-16,120,Electronics,294.93,8,21.471353993037564
1423.0,2023-04-23,26,Electronics,-50.0,7,16.265059586896214
1424.0,2024-10-15,10,Home & Kitchen,304.04,5,19.577041348865134
1425.0,2023-02-21,183,Electronics,376.62,8,70.57189191519133
1426.0,2024-01-04,147,Electronics,76.59,1,12.283705275046737
1427.0,2023-03-08,38,Fashion,111.19,1,30.23545702022384
1428.0,2023-02-23,66,Home & Kitchen,354.75,5,48.85927517571248
1429.0,2023-12-29,139,Home & Kitchen,211.04,7,16.728455786720485
,2024-12-20,158,Electronics,50.68,1,4.34570461160943
1431.0,2024-09-25,45,Home & Kitchen,407.72,7,98.00677869096195
1432.0,2024-08-05,95,,484.25,8,99.05552429022485
1433.0,2024-12-23,73,Home & Kitchen,388.5,10,29.246539918426002
1434.0,2024-03-03,26,Beauty,479.58,10,34.062985519157614
1435.0,2024-12-27,162,Electronics,388.5,9,87.50662689296702
1436.0,2024-09-01,112,Beauty,219.47,9,14.965824251687389
1437.0,2024-05-18,121,Home & Kitchen,75.06,9,19.175204012583535
1438.0,2024-04-21,14,Electronics,196.1,3,44.42852518634723
1439.0,2024-11-27,12,Electronics,139.55,5,9.81555558464428
1440.0,2023-07-23,36,,270.43,3,19.257165755014615
1441.0,2023-01-11,181,Beauty,178.0,1,52.805461243302304
1442.0,2023-09-19,17,Fashion,159.54,4,22.90479068873286
1443.0,2024-04-17,143,Sports,26.46,2,3.774797802847484
1444.0,2024-05-05,142,Beauty,232.06,2,58.75756689444401
1445.0,2024-02-07,200,,17.4,2,4.990531311619785
1446.0,2023-06-03,138,,36.53,7,10.831154715362368
1447.0,2023-12-17,197,Beauty,301.58,6,71.87994827759789
1448.0,2023-07-07,179,Beauty,182.62,5,26.309131377413962
1449.0,2023-03-21,3,Electronics,304.49,3,21.580783306894414
1450.0,2023-12-07,59,Sports,346.34,7,84.60626571557711
1451.0,2023-06-03,66,Sports,157.95,9,29.9474878114426
1452.0,2023-12-18,116,,324.27,6,50.604117734629256
1453.0,2023-01-02,39,Sports,154.37,4,42.696981606768595
1454.0,2024-09-27,24,,292.75,4,22.775765736281453
1455.0,2024-10-03,114,Beauty,101.42,9,17.561509519294734
1456.0,2023-12-20,187,,134.53,10,7.1083514576402225
1457.0,2023-11-22,33,,152.58,6,25.506060188865952
1458.0,2024-10-01,24,Beauty,46.54,6,2.9820886125581776
1459.0,2023-05-09,125,Electronics,454.88,3,36.25597343800514
1460.0,2024-04-04,172,Home & Kitchen,70.59,7,5.6035444399989585
1461.0,2023-04-16,50,Sports,49.07,6,10.41768738120881
1462.0,2023-10-21,73,Sports,396.68,2,93.81927067675203
1463.0,2023-12-13,39,Beauty,189.34,9,37.08076049587405
1464.0,2023-11-24,76,Home & Kitchen,154.58,4,44.91215813579868
1465.0,2023-03-13,99,Fashion,417.53,6,60.00642826713304
1466.0,2024-08-22,170,Home & Kitchen,398.6,2,48.40120939798743
1467.0,2024-12-16,179,Home & Kitchen,12.1,1,3.232512362773117
1468.0,2023-06-13,17,Electronics,175.86,7,18.623391040507737
1469.0,2024-02-24,87,Beauty,131.48,1,38.23512487141289
1470.0,2023-02-07,45,Fashion,189.86,2,10.069912141152134
1471.0,2024-04-21,126,Electronics,309.04,6,90.38483815143219
1472.0,2023-10-31,117,Home & Kitchen,121.46,7,7.3835507263792435
1473.0,2023-03-27,81,,233.03,10,63.567269946265384
1474.0,2023-05-16,11,Electronics,57.3,6,10.424318387661247
1475.0,2023-01-04,105,,194.19,1,57.915458439601736
1476.0,2023-09-23,66,Electronics,35.07,5,2.4005113813176098
1477.0,2023-11-13,79,Fashion,289.99,1,54.65255098338475
1478.0,2023-03-25,97,Fashion,111.83,3,32.69077563957096
1479.0,2023-03-31,116,Sports,273.7,9,49.477969987342426
1480.0,2024-10-06,68,Sports,51.28,4,10.632890540894065
1481.0,2023-01-15,108,Home & Kitchen,236.96,7,53.06415233544872
1482.0,2023-02-10,93,Sports,475.53,6,77.81347813225479
1483.0,2024-04-24,1,Beauty,162.89,9,33.70023391622327
1484.0,2024-01-05,148,,390.06,9,76.48241012718111
1485.0,2024-02-05,131,,23.79,7,6.549137267395158
1486.0,2024-08-13,128,Sports,219.87,1,13.491573911419087
1487.0,2024-10-09,43,,286.66,2,34.46822698212719
1488.0,2023-07-31,120,Beauty,42.47,2,12.214493932182862
1489.0,2023-02-15,83,Home & Kitchen,220.53,8,60.10896806536595
1490.0,2023-11-24,4,Fashion,145.62,6,23.86918408516388
1491.0,2024-10-05,25,Fashion,190.38,3,39.034210992364144
1492.0,2024-11-25,126,Fashion,288.02,9,34.373832080556454
1493.0,2023-08-14,97,Fashion,470.04,4,45.608117479139196
1494.0,2023-10-30,165,Sports,236.33,1,39.2129610098665
1495.0,2024-04-17,111,Fashion,369.59,2,51.12836248903721
1496.0,2023-01-13,198,,440.77,10,86.35302610512721
1497.0,2023-05-08,70,Fashion,402.81,5,27.968572278966388
1498.0,2024-04-02,155,Sports,100.29,2,29.44501381520996
1499.0,2023-12-05,3,Fashion,290.91,7,86.27014191914033
1500.0,2024-09-06,29,Home & Kitchen,52.83,10,11.862470837915783
1501.0,2023-01-08,120,Electronics,301.16,1,55.42069542204884
1502.0,2023-05-19,57,Beauty,250.84,3,31.952476817315617
1503.0,2023-05-04,65,Fashion,444.48,2,112.65290258983615
1504.0,2023-09-09,34,Home & Kitchen,464.24,9,102.68189988660323
1505.0,2024-09-27,194,Beauty,177.44,8,16.085687429339377
1506.0,2024-09-18,182,Fashion,28.52,7,7.920910825441096
1507.0,2024-12-22,188,Electronics,407.6,7,104.19654505387092
1508.0,2023-12-10,125,Beauty,487.0,6,139.98813944329177
1509.0,2024-06-17,175,Beauty,449.55,2,104.03930124899682
1510.0,2023-03-10,29,Home & Kitchen,360.22,2,73.25210546999756
1511.0,2024-05-05,65,Sports,119.56,3,18.479284354726598
1512.0,2024-01-06,100,Home & Kitchen,74.17,6,21.00361790259179
1513.0,2023-05-02,50,Fashion,112.24,9,29.913752739381458
1514.0,2024-11-03,156,,305.89,9,18.75248474969557
1515.0,2024-09-02,135,Sports,274.5,6,15.53443362487392
1516.0,2023-09-18,81,Fashion,412.01,8,59.37716794685631
1517.0,2024-05-27,44,Electronics,60.84,9,15.370516161191679
1518.0,2023-04-23,97,Fashion,66.49,4,19.735497459537665
1519.0,2023-03-29,118,Home & Kitchen,49.62,5,4.346921534139267
1520.0,2023-12-02,154,Fashion,450.38,1,89.41514789507364
1521.0,2023-10-06,71,Electronics,49.66,5,7.211759985074132
1522.0,2024-04-09,16,Fashion,343.88,5,100.57754078012144
1523.0,2023-12-18,130,Home & Kitchen,417.24,7,108.70342487228577
1524.0,2024-07-04,119,Beauty,478.3,5,124.1581548658343
1525.0,2023-06-03,75,Home & Kitchen,282.79,10,47.27493466460492
1526.0,2024-09-06,28,Home & Kitchen,-50.0,9,54.29624730019506
1527.0,2024-04-30,10,Home & Kitchen,499.24,9,59.085936647671446
1528.0,2024-08-11,112,Electronics,324.7,7,20.81128094063901
1529.0,2024-05-20,185,Sports,236.8,10,63.031564674299155
1530.0,2023-06-09,152,Sports,270.38,9,68.4670437121476
,2024-11-15,108,,260.99,6,78.2785788877368
1532.0,2024-12-08,139,Beauty,92.98,5,27.81582327778293
1533.0,2023-12-23,145,Home & Kitchen,181.3,2,34.23994205643909
1534.0,2024-03-23,107,Home & Kitchen,310.22,4,75.1498189843245
1535.0,2024-01-06,113,,202.26,5,57.88507913150497
1536.0,2023-08-13,82,,212.83,2,55.84911353946838
1537.0,2023-09-07,41,,340.77,6,38.110703157757364
1538.0,2023-02-21,136,Beauty,126.61,9,20.591348242902736
1539.0,2024-04-18,188,Fashion,17.64,7,1.451593020818093
1540.0,2024-05-18,99,Fashion,250.88,4,72.38208042966707
1541.0,2024-09-10,192,Fashion,213.39,2,43.00740131136832
1542.0,2024-01-11,189,Home & Kitchen,239.84,7,25.701422617987625
1543.0,2024-06-16,101,,361.05,9,78.68188302618366
1544.0,2023-12-08,118,Sports,49.28,4,10.079339922441276
1545.0,2024-03-29,127,Electronics,209.57,8,29.2435402045356
1546.0,2023-02-26,124,Beauty,118.73,6,9.307173230465489
1547.0,2023-08-31,158,Home & Kitchen,352.12,7,76.72458840803415
1548.0,2024-08-04,5,Fashion,151.57,1,27.294259556496986
1549.0,2023-10-07,105,Electronics,196.79,4,47.83563407741411
1550.0,2024-03-17,86,,158.75,1,28.581488950382237
1551.0,2023-05-24,41,Electronics,118.45,9,31.15772467818277
1552.0,2023-12-12,156,Beauty,86.9,4,16.335176072375702
1553.0,2024-11-29,170,Beauty,160.69,5,30.568780661505308
1554.0,2024-02-11,167,,447.26,6,120.38602258124286
1555.0,2024-07-22,96,Electronics,140.04,2,21.127935146096018
1556.0,2023-01-03,107,Electronics,301.51,4,25.17723288253817
1557.0,2023-01-13,105,Electronics,489.01,8,27.969254135996472
1558.0,2024-07-29,76,Electronics,378.88,7,90.4706008574052
1559.0,2023-05-16,28,Beauty,81.22,3,16.6563854402321
1560.0,2024-03-17,191,Electronics,299.65,6,67.72687562773308
1561.0,2023-02-12,100,Sports,128.92,10,13.309834925432192
1562.0,2024-11-09,165,,162.48,7,13.663409338334587
1563.0,2024-11-01,194,Sports,141.84,7,7.607753844583094
1564.0,2024-04-18,34,Fashion,60.73,5,8.359295611581157
1565.0,2024-12-21,15,Beauty,64.6,2,12.757170642702324
1566.0,2023-09-07,13,Home & Kitchen,361.75,10,53.561070828707045
1567.0,2023-03-10,26,Beauty,212.57,1,33.87701104364602
1568.0,2024-09-16,128,,354.98,5,97.98856334284771
1569.0,2024-10-17,114,Electronics,216.63,4,29.692145455314392
1570.0,2024-02-24,118,Home & Kitchen,355.39,5,63.436181138126294
1571.0,2023-11-25,162,,46.8,4,11.508740249071375
1572.0,2024-10-10,172,Fashion,204.84,9,30.548955882672242
1573.0,2024-02-23,76,Sports,156.45,10,32.1538660626627
1574.0,2024-03-04,163,,90.6,2,24.06253800311378
1575.0,2023-10-04,163,Home & Kitchen,153.21,4,44.02951368764684
1576.0,2023-04-06,185,Sports,318.28,5,27.616636877523547
1577.0,2023-02-26,36,Beauty,463.79,2,130.62501866841237
1578.0,2023-08-09,101,Beauty,333.28,4,57.66712953938711
1579.0,2024-05-30,55,Sports,105.45,3,12.080467686531291
1580.0,2024-01-15,133,Electronics,294.06,9,48.45636511985578
1581.0,2023-07-31,87,Home & Kitchen,380.85,3,112.35385157436849
1582.0,2023-02-12,120,,496.1,1,85.90195910746566
1583.0,2024-03-10,10,Electronics,263.53,4,34.83547796476676
1584.0,2023-07-17,77,,408.94,3,85.20273634107045
1585.0,2023-10-02,195,Home & Kitchen,210.13,4,23.121949718465427
1586.0,2024-06-21,108,Fashion,496.03,10,34.20912166043514
1587.0,2024-09-19,83,Sports,446.42,2,36.70462136383801
1588.0,2023-05-28,148,Fashion,264.51,3,21.692851215680097
1589.0,2024-05-13,62,,455.53,7,40.07555849391386
1590.0,2023-07-04,197,Sports,192.18,6,16.27895150994091
1591.0,2023-06-11,143,Home & Kitchen,76.79,9,16.142692913359713
1592.0,2023-09-01,199,,369.87,7,35.31149670417793
1593.0,2023-07-18,63,Beauty,223.65,9,30.509621978845498
1594.0,2023-06-02,125,Sports,475.82,5,130.46846530036964
1595.0,2024-07-04,108,Electronics,11.51,1,1.9393246198564151
1596.0,2024-08-03,104,Home & Kitchen,341.49,4,74.06557303188639
1597.0,2023-10-21,88,Fashion,213.14,7,19.839064336978844
1598.0,2024-12-26,159,,244.64,9,23.992396390338303
1599.0,2024-08-26,191,Electronics,396.72,7,23.889349361309378
1600.0,2024-04-20,100,Home & Kitchen,46.75,7,4.311928549655923
1601.0,2023-12-22,73,Beauty,20.79,4,2.487473287118605
1602.0,2023-03-12,117,Electronics,324.41,5,30.57649280105486
1603.0,2023-03-21,157,Sports,241.76,1,17.44918114027644
1604.0,2023-03-04,90,Electronics,87.24,8,6.993068348704104
1605.0,2023-05-16,70,,33.2,2,5.484463774671624
1606.0,2023-05-19,150,Beauty,284.41,5,28.891343212947866
1607.0,2023-08-13,77,Electronics,328.3,3,46.31244884552079
1608.0,2023-03-25,84,Home & Kitchen,227.27,3,39.966410786795834
1609.0,2023-11-01,170,Beauty,74.06,9,16.485660252072698
1610.0,2023-10-26,109,Electronics,54.9,8,3.284559119319083
1611.0,2024-03-30,152,,499.48,7,124.79637651177215
1612.0,2023-04-24,6,Home & Kitchen,227.08,7,46.99990511139884
1613.0,2024-11-14,13,Home & Kitchen,80.15,4,5.645746602675522
1614.0,2024-06-11,121,Electronics,251.92,5,67.61398174624483
1615.0,2023-12-25,85,Sports,89.97,6,25.211222468961807
1616.0,2023-05-06,163,Sports,431.93,5,28.191850800027826
1617.0,2024-01-21,162,Home & Kitchen,56.51,5,6.7370889741996205
1618.0,2023-12-14,9,Home & Kitchen,445.62,2,112.095853575346
1619.0,2024-10-04,105,,227.75,6,53.99153612121955
1620.0,2023-10-25,9,Home & Kitchen,344.32,7,33.09956934619696
1621.0,2024-11-25,110,Home & Kitchen,431.66,7,44.174932227881094
1622.0,2024-03-15,161,Electronics,469.64,1,66.97912958873616
1623.0,2024-10-03,84,Beauty,293.58,5,50.240564498095004
1624.0,2023-11-03,183,,390.32,7,79.84530060592627
1625.0,2023-09-12,125,Home & Kitchen,398.51,3,56.67944362623751
1626.0,2023-12-15,87,Fashion,490.34,8,81.21681817718192
1627.0,2023-01-26,192,Beauty,452.91,3,107.27976564753992
1628.0,2024-07-03,56,Electronics,364.76,10,21.58314127159362
1629.0,2024-08-02,139,Sports,482.71,9,54.598959351075564
1630.0,2023-07-25,148,Sports,113.59,4,25.936844865156576
1631.0,2024-07-11,101,Sports,334.55,6,91.60036188706313
1632.0,2024-08-31,148,Fashion,491.93,10,87.52387102498992
1633.0,2024-06-07,150,Sports,19.77,5,3.618470900923823
1634.0,2023-08-25,45,Beauty,265.92,4,20.420795313868314
1635.0,2024-07-13,67,Electronics,412.16,3,66.70937027748876
1636.0,2023-08-28,27,Beauty,241.18,9,44.17315808090563
1637.0,2023-01-22,117,Sports,65.06,10,7.196782741618878
1638.0,2024-01-04,161,Beauty,175.38,9,20.573969460975608
1639.0,2023-11-07,49,Electronics,363.58,1,52.47224400539467
1640.0,2023-10-14,142,Fashion,237.71,9,13.078281105935835
1641.0,2024-01-19,117,Fashion,403.66,7,52.685618994826434
1642.0,2024-10-23,94,Fashion,354.21,3,36.43474963956152
1643.0,2023-10-03,103,Fashion,-50.0,8,23.883761363235536
1644.0,2023-11-01,173,Sports,229.43,9,18.3407564758227
1645.0,2023-07-28,3,Sports,446.56,7,121.74646562180187
1646.0,2023-09-18,133,Beauty,193.65,5,38.41979465768538
1647.0,2023-11-15,139,Fashion,48.85,4,10.73603707255208
1648.0,2023-03-12,122,Sports,111.73,2,27.63002562239948
1649.0,2024-09-14,160,,230.03,9,40.16566475491276
1650.0,2023-10-24,186,Fashion,102.0,7,7.316467346229304
1651.0,2024-10-23,145,Electronics,315.03,2,58.05266846727428
1652.0,2023-01-14,169,Beauty,68.47,1,13.4687528377224
1653.0,2024-06-07,14,Beauty,104.13,5,24.612153111703567
1654.0,2023-02-25,153,Beauty,189.55,3,29.932766746958936
1655.0,2024-08-21,21,,149.75,2,12.263787585908918
1656.0,2024-07-23,165,Sports,45.68,3,5.5247208442214335
1657.0,2023-09-02,53,,94.12,8,13.249326434259883
1658.0,2023-01-03,149,Fashion,353.11,1,74.67545927165042
1659.0,2024-06-08,112,Home & Kitchen,479.42,3,92.38163370609243
1660.0,2023-06-19,131,Fashion,397.61,5,55.27740479606066
1661.0,2023-12-22,104,Fashion,304.79,8,90.40949566990308
1662.0,2023-07-25,112,Electronics,475.13,4,95.71194748025945
1663.0,2023-05-29,84,Sports,451.43,3,49.344322648345
1664.0,2023-07-07,66,Electronics,-50.0,1,32.873919198722135
1665.0,2023-03-10,185,Sports,64.93,3,5.72778597680967
1666.0,2024-11-23,24,,126.91,10,14.149123827319482
1667.0,2024-02-25,139,Beauty,24.34,7,2.1947461562843964
1668.0,2024-09-17,131,Beauty,425.57,4,41.12783210637855
1669.0,2024-06-17,33,Sports,118.49,7,14.369731634633485
1670.0,2023-10-29,133,Fashion,289.62,8,27.034115167316724
1671.0,2023-09-20,77,Fashion,270.06,3,74.04811764365309
1672.0,2023-07-07,100,Electronics,436.66,2,30.591716845153176
1673.0,2024-01-09,8,Sports,131.49,9,23.8165006536482
1674.0,2024-12-26,163,Home & Kitchen,234.89,4,35.8440276729004
1675.0,2024-06-09,9,,319.74,7,94.51343474258945
1676.0,2024-10-02,115,Beauty,459.29,2,35.829086844191195
1677.0,2023-02-15,77,Sports,29.64,8,4.430109988928946
1678.0,2023-12-26,40,Home & Kitchen,162.66,5,47.55651516914288
1679.0,2024-02-29,77,Electronics,482.05,6,128.4069275092983
1680.0,2023-11-02,156,Sports,212.65,1,54.0700939718411
1681.0,2024-02-29,168,Electronics,68.11,1,7.796940387507713
1682.0,2024-07-08,107,,71.15,8,6.597162960700796
1683.0,2024-08-12,78,Sports,99.66,9,21.642245824417195
1684.0,2024-01-06,159,Beauty,434.77,2,122.75469969825012
1685.0,2024-05-06,187,Home & Kitchen,120.67,8,22.82964457499773
1686.0,2023-05-28,179,Home & Kitchen,476.64,3,91.94536807723325
1687.0,2023-08-11,106,Beauty,421.93,2,50.629394747020925
1688.0,2023-11-29,75,Beauty,284.5,9,68.95518487327651
1689.0,2023-05-14,178,Fashion,130.51,6,12.628269906060593
1690.0,2023-05-27,7,Beauty,192.01,6,25.13791254549471
1691.0,2024-05-04,76,Beauty,282.31,5,44.14174024645016
1692.0,2023-05-18,155,Electronics,33.52,5,5.929774973375733
1693.0,2024-12-22,82,Home & Kitchen,339.48,6,37.54731399006786
1694.0,2023-10-15,39,Beauty,158.21,3,12.452583510497348
1695.0,2024-12-06,166,Home & Kitchen,323.86,7,65.63185173628678
1696.0,2024-09-04,175,Beauty,74.43,4,9.09219301941806
1697.0,2024-05-29,41,,319.93,1,62.485386044934096
1698.0,2023-09-08,174,Home & Kitchen,247.93,10,21.964286999483246
1699.0,2023-07-16,191,Beauty,346.45,4,58.99524707190038
1700.0,2024-01-09,162,Home & Kitchen,358.18,5,65.59972073783176
1701.0,2023-07-05,25,Beauty,102.02,2,6.4227593066559985
1702.0,2023-09-10,178,Home & Kitchen,113.08,10,15.169802944542136
1703.0,2023-01-27,165,Sports,106.39,4,8.894594369884368
1704.0,2024-12-25,117,Sports,485.75,6,31.983597976786733
1705.0,2024-09-10,110,,84.98,7,25.280705137124386
1706.0,2024-04-28,166,Beauty,349.06,8,45.583208281719195
1707.0,2023-03-01,83,Home & Kitchen,449.74,5,113.54523331966588
1708.0,2024-11-23,157,Beauty,155.36,6,17.65824303102459
1709.0,2023-04-01,169,Electronics,270.01,5,59.50363750692079
1710.0,2023-06-04,111,Fashion,303.94,9,72.96291393371783
1711.0,2024-10-10,105,Sports,141.02,5,28.05024380012955
1712.0,2024-04-23,180,Electronics,351.03,7,58.93584736669052
1713.0,2023-04-27,113,Sports,400.97,4,61.332462836407565
1714.0,2024-05-12,194,Sports,330.63,9,45.36807874177764
1715.0,2024-06-28,44,,328.24,2,92.6891615769766
1716.0,2023-05-09,111,Sports,-50.0,3,49.20692362482512
1717.0,2024-05-12,32,Home & Kitchen,204.2,9,59.47462378952546
1718.0,2023-04-10,99,Beauty,212.15,5,17.19991399061458
1719.0,2024-11-10,41,Sports,320.96,5,74.69280621034042
1720.0,2023-08-07,108,Fashion,438.58,10,124.81333938814268
1721.0,2024-08-24,131,Sports,71.24,8,6.789760908410407
1722.0,2024-05-12,31,Beauty,288.86,1,19.24502794789184
1723.0,2023-10-28,49,Electronics,378.78,1,89.11941988452213
1724.0,2024-05-07,144,,239.17,2,46.30768361980988
1725.0,2023-04-21,24,Fashion,100.6,7,26.20199373547054
1726.0,2023-08-18,129,,29.36,2,2.493929244436965
1727.0,2024-08-13,2,Fashion,112.56,5,28.00682215573731
1728.0,2023-03-02,9,Sports,225.26,9,22.617642528488734
1729.0,2024-09-13,137,Sports,183.32,6,16.666351861535237
1730.0,2024-11-15,18,Beauty,342.78,1,31.215757553696438
1731.0,2023-05-26,145,,299.63,2,75.99925585573226
1732.0,2024-09-12,16,Home & Kitchen,437.2,3,94.56605622209467
1733.0,2023-08-12,37,Electronics,192.11,2,34.72702468809888
1734.0,2024-06-03,51,Sports,363.42,8,50.772543635040826
1735.0,2024-08-14,118,Fashion,396.2,10,106.69671356753837
1736.0,2023-03-17,6,Fashion,163.27,7,24.18212817222342
1737.0,2023-04-09,104,,15.58,3,3.959654816741793
1738.0,2024-09-30,17,Beauty,49.87,7,7.968414472599199
1739.0,2024-02-08,122,Electronics,391.63,2,56.48718672391913
1740.0,2023-06-20,178,Home & Kitchen,197.05,4,32.64526294154899
1741.0,2023-11-16,34,,175.74,5,22.028036901401585
,2024-05-03,145,Beauty,14.17,4,3.356906229274369
1743.0,2023-05-09,188,Electronics,203.72,5,35.78954946740997
1744.0,2024-11-30,90,Sports,282.62,10,30.537987975598377
1745.0,2024-05-02,165,Sports,211.71,10,58.197733226989726
1746.0,2024-06-21,18,Home & Kitchen,233.54,8,34.09048895987495
1747.0,2024-02-29,7,Sports,154.47,1,28.71415261406945
1748.0,2024-06-20,191,Electronics,227.82,10,63.01911907998577
1749.0,2024-01-01,67,Electronics,307.42,8,63.34681117596986
1750.0,2023-01-29,69,Beauty,460.08,6,36.44961264227604
1751.0,2023-02-11,100,Electronics,358.5,9,102.15745407885771
1752.0,2023-06-17,59,Beauty,405.46,4,83.90062679958426
1753.0,2024-01-13,135,,264.51,4,35.371971033236456
1754.0,2024-11-02,126,Beauty,328.64,4,27.874593490023898
1755.0,2024-11-05,112,Home & Kitchen,64.51,10,16.0311412399567
1756.0,2024-11-07,180,,260.11,5,53.327281136141416
1757.0,2023-08-07,43,Electronics,212.93,6,39.04396757862954
1758.0,2024-08-19,153,Home & Kitchen,96.45,10,26.376484908816217
1759.0,2024-01-27,176,Home & Kitchen,118.19,8,29.21057609865682
1760.0,2023-08-02,189,Sports,280.46,10,24.657684192461847
1761.0,2023-04-08,134,Home & Kitchen,231.06,9,29.559625246209848
1762.0,2023-12-23,29,Home & Kitchen,478.26,2,53.6236040019166
1763.0,2024-07-04,120,Electronics,33.17,9,7.827674631158923
1764.0,2024-06-14,169,Beauty,398.62,3,23.272674783594095
1765.0,2023-02-04,36,Electronics,253.7,3,48.830253262963254
1766.0,2023-04-11,198,Home & Kitchen,207.0,5,49.807236987080735
1767.0,2023-05-04,89,Beauty,285.4,1,76.82722818295082
1768.0,2024-10-17,68,Home & Kitchen,478.33,10,64.82349071582001
1769.0,2024-12-13,160,Beauty,390.1,1,99.59811863813806
1770.0,2024-12-18,25,Electronics,165.46,6,12.849281799152148
1771.0,2023-01-04,138,Sports,47.88,1,12.526033932062184
1772.0,2024-05-27,39,Home & Kitchen,14.5,7,1.1871464009534363
1773.0,2023-08-03,97,Beauty,280.3,10,41.85490688601774
1774.0,2024-06-03,52,Beauty,449.1,6,111.97133719289938
1775.0,2023-10-22,104,Beauty,493.26,4,43.15006755351404
1776.0,2023-03-18,38,Fashion,492.34,4,52.834407982209676
1777.0,2023-05-11,79,Fashion,468.67,2,108.05802780719459
1778.0,2024-07-23,79,Beauty,50.91,10,11.70976501889016
1779.0,2023-03-14,114,,410.97,5,86.42161067171767
1780.0,2023-03-05,20,Electronics,21.31,10,4.762510337898475
1781.0,2024-04-15,173,Fashion,289.58,9,53.769536076149215
1782.0,2024-02-02,27,,145.32,2,16.413859810089594
1783.0,2023-05-13,183,Sports,183.93,1,25.092466021293976
1784.0,2024-04-11,177,Sports,265.89,3,25.365754230082768
1785.0,2023-02-17,174,Home & Kitchen,32.49,8,9.003389684432397
1786.0,2023-10-18,99,Home & Kitchen,307.04,8,60.13315416624741
1787.0,2023-08-27,10,Sports,230.98,5,34.69616506101638
1788.0,2024-08-20,155,Sports,201.06,8,33.275721720172335
1789.0,2023-04-19,153,Fashion,206.21,7,59.14532436533811
1790.0,2024-06-26,176,Fashion,332.42,2,29.36526835596185
1791.0,2024-10-22,107,Beauty,238.55,6,46.88878160690175
1792.0,2024-11-29,27,,458.67,4,80.94249008598452
1793.0,2024-09-10,21,Electronics,276.34,4,56.059315855002644
1794.0,2024-11-15,148,,112.57,4,6.138165848178004
1795.0,2024-11-05,109,Fashion,343.49,1,92.06596037080665
1796.0,2024-05-11,156,Beauty,487.53,9,137.9854065648089
1797.0,2024-09-08,92,,252.6,5,48.31816054365855
1798.0,2023-01-16,140,Fashion,318.59,10,71.41599649473477
1799.0,2023-07-30,114,,485.15,9,136.14514369454125
1800.0,2024-07-16,86,,375.57,3,85.18290347227078
1801.0,2024-02-06,128,,178.61,2,15.741749613729057
1802.0,2024-01-27,99,Electronics,286.81,3,55.66181614486092
1803.0,2023-11-27,67,,14.35,3,2.894090228898495
1804.0,2024-10-01,8,Sports,47.18,5,7.361621268011643
1805.0,2024-02-16,146,Fashion,110.17,7,25.79201535969393
1806.0,2023-11-23,117,Electronics,395.89,6,112.27113936922632
1807.0,2024-05-07,91,Sports,259.96,9,73.15069765381139
1808.0,2023-11-14,127,Fashion,187.8,9,30.556908487424003
1809.0,2024-05-03,19,Home & Kitchen,164.1,10,12.850590830616984
1810.0,2023-03-07,89,Beauty,328.69,8,97.36136342173245
1811.0,2023-01-26,32,,218.69,5,56.79915563121533
1812.0,2023-04-17,119,Electronics,392.83,10,31.88431026426983
1813.0,2024-03-10,128,Beauty,11.97,10,3.354119333732487
1814.0,2024-04-22,162,Fashion,156.44,2,41.843646720249836
1815.0,2024-06-16,63,Fashion,399.39,7,71.77418290889548
1816.0,2024-09-12,200,Sports,207.19,1,40.98608938299797
1817.0,2024-06-15,44,Sports,63.08,9,9.446272640031953
1818.0,2024-06-02,39,,443.49,10,28.246059800295672
1819.0,2023-10-23,136,Electronics,331.81,7,44.3959491876316
1820.0,2024-08-02,81,Electronics,32.6,9,8.173255606073793
1821.0,2023-01-14,61,Sports,39.16,8,2.003347505215062
1822.0,2024-07-03,72,,484.98,6,64.68410707169278
1823.0,2023-04-05,79,Fashion,460.89,9,68.92249229728247
1824.0,2023-12-18,114,Electronics,327.41,8,60.35767358947634
1825.0,2023-04-24,188,Fashion,419.46,9,117.43365921512412
1826.0,2023-11-17,13,Sports,359.17,1,49.05777269910558
1827.0,2023-06-26,118,,369.61,7,50.539843238216186
1828.0,2023-04-03,128,Fashion,208.71,3,48.9164713732464
1829.0,2024-10-19,185,,41.91,4,6.833613475672955
1830.0,2024-08-09,187,,188.82,10,20.04347066688185
1831.0,2024-06-04,98,Electronics,440.6,3,71.86621270201618
1832.0,2024-04-02,176,Beauty,372.51,4,31.74316216541981
1833.0,2023-03-07,173,,284.94,10,26.811926983770817
1834.0,2024-02-12,110,Sports,85.72,1,14.96602136980705
1835.0,2024-12-04,34,Sports,287.06,5,44.417184883693885
1836.0,2024-08-29,12,,406.72,6,113.35753122060441
1837.0,2024-03-09,93,,176.16,2,24.76782731709652
1838.0,2023-05-11,59,Electronics,406.56,2,79.33899992226034
1839.0,2024-03-03,27,Electronics,165.64,3,34.464064162747746
1840.0,2024-07-18,54,,41.07,2,2.1879473330207158
1841.0,2023-04-20,176,Sports,352.08,7,76.00855948491086
1842.0,2023-07-30,139,Home & Kitchen,100.81,7,9.52745145503491
1843.0,2024-02-29,114,Home & Kitchen,219.97,7,63.85015943343902
1844.0,2023-09-11,135,,495.19,8,43.163574039016005
1845.0,2024-05-13,60,Sports,10.04,6,1.5427065505548296
1846.0,2023-06-29,4,Home & Kitchen,342.74,6,24.4501863093186
1847.0,2024-09-01,144,Electronics,191.76,3,57.37815163349472
1848.0,2024-04-06,133,Home & Kitchen,299.84,9,52.63653797442994
1849.0,2024-07-22,1,Fashion,474.43,5,94.33862844178711
1850.0,2024-11-04,145,Home & Kitchen,151.55,5,10.118860037054047
1851.0,2023-09-29,67,,145.51,7,34.557187011946084
1852.0,2024-05-17,99,Electronics,12.8,3,1.3116978979058747
1853.0,2024-04-16,130,Fashion,236.68,7,64.97187230620703
1854.0,2024-10-29,152,Beauty,433.19,3,43.875610215100174
1855.0,2023-09-07,164,Fashion,179.01,10,17.484252219000737
1856.0,2024-07-17,48,Fashion,154.14,9,9.115441450526335
1857.0,2024-05-21,52,Beauty,431.2,1,72.44881668285791
1858.0,2023-05-20,69,Beauty,77.95,4,14.904841584455237
1859.0,2023-07-01,71,,499.08,6,33.152466941475524
1860.0,2024-10-16,111,Sports,471.26,7,114.93178616092268
1861.0,2024-09-19,111,,302.86,3,49.46376412294692
1862.0,2024-05-24,152,Fashion,21.8,9,3.9479269678353117
1863.0,2024-10-27,16,Home & Kitchen,272.94,5,43.72244603733
1864.0,2024-09-26,161,Sports,164.81,10,24.752940015715623
1865.0,2024-10-20,162,Fashion,75.44,3,14.326816648472988
1866.0,2023-09-19,7,Beauty,447.45,2,39.73806201042433
1867.0,2024-09-24,170,,227.18,1,21.691608171478926
1868.0,2023-04-05,170,Fashion,344.15,10,91.35338036795048
1869.0,2024-08-11,43,Fashion,86.68,9,24.836322064435823
1870.0,2023-01-16,170,Electronics,72.78,5,10.431363009710104
1871.0,2023-04-30,88,Fashion,310.87,7,36.58509913503414
1872.0,2023-08-28,165,Fashion,213.61,7,45.07168560782154
1873.0,2023-10-15,151,Sports,213.12,2,32.43335663610658
1874.0,2024-08-17,50,Sports,90.28,7,5.086970047253984
1875.0,2024-12-28,102,Home & Kitchen,384.61,3,34.24496261825262
1876.0,2023-04-19,139,Home & Kitchen,337.42,4,77.26683736442222
1877.0,2023-04-24,91,Sports,393.98,4,84.59971365844035
1878.0,2023-10-21,173,Beauty,365.52,4,20.75203179496832
1879.0,2023-03-20,144,Electronics,476.77,9,50.295916911193075
1880.0,2024-08-21,186,Fashion,398.58,5,42.954448106018376
1881.0,2024-04-12,144,,481.22,7,104.89305651864504
1882.0,2023-08-03,41,Fashion,71.31,9,3.916889611815927
1883.0,2023-06-07,139,Fashion,420.96,4,32.00438716805655
1884.0,2023-04-12,107,,86.75,8,21.685680101531045
1885.0,2024-02-07,133,Fashion,387.28,3,36.65069418010058
1886.0,2023-07-23,63,Beauty,495.29,6,105.58915493948876
1887.0,2024-08-13,124,Fashion,24.01,7,2.6301921432329762
1888.0,2023-04-09,142,Beauty,324.14,6,24.265233262253535
1889.0,2023-02-11,132,Home & Kitchen,22.77,8,2.5227576972643924
1890.0,2024-11-18,167,Fashion,229.63,9,52.94503889050375
1891.0,2023-03-05,61,Fashion,242.95,9,64.12036423160552
1892.0,2023-12-07,96,,161.93,1,41.70587566733324
1893.0,2024-06-25,180,Fashion,21.72,6,3.2427065658282097
1894.0,2023-06-01,18,Beauty,264.88,3,57.484597743708186
1895.0,2024-05-26,42,Electronics,105.81,9,10.712847074487005
1896.0,2023-02-22,97,,242.55,6,29.903245493702194
1897.0,2024-03-05,101,Sports,117.33,1,32.158270396770746
1898.0,2024-05-02,84,Fashion,410.64,10,21.866777467612163
1899.0,2024-08-24,121,Sports,357.23,1,25.49805311928541
1900.0,2024-03-15,145,Home & Kitchen,335.56,5,34.21757794420024
1901.0,2023-10-20,109,,51.2,8,2.899612209584893
1902.0,2023-09-27,77,Fashion,209.66,5,19.992938330231727
1903.0,2024-10-09,158,Beauty,20.85,9,4.08160413655452
1904.0,2024-06-14,31,Beauty,463.91,1,72.07126581634144
1905.0,2023-09-18,30,,323.41,4,88.3452395198511
1906.0,2023-06-09,23,Home & Kitchen,242.86,9,61.77408585094945
1907.0,2024-01-25,126,Sports,231.92,8,31.414570051442844
1908.0,2024-08-13,41,Fashion,432.83,4,49.713061173016584
1909.0,2023-06-17,137,Electronics,243.08,7,35.227907644324816
1910.0,2024-01-14,31,Electronics,478.18,2,94.4758089029327
1911.0,2023-06-07,146,,209.25,9,24.485579210546714
1912.0,2023-05-08,53,Sports,461.19,3,95.02230870273553
1913.0,2023-11-06,163,Fashion,39.33,3,5.992040070170372
1914.0,2024-02-09,173,Beauty,223.59,3,42.037557291673565
1915.0,2024-10-07,135,Fashion,369.3,10,58.73038180241811
1916.0,2023-11-06,90,Home & Kitchen,459.2,6,56.76466919541215
1917.0,2024-08-24,18,Sports,329.9,2,94.71868649170388
1918.0,2024-05-23,16,Beauty,286.97,9,69.13148868750665
1919.0,2023-10-08,130,Electronics,267.14,5,22.71445844356253
1920.0,2023-03-10,53,Beauty,297.28,1,79.40853996873287
1921.0,2024-09-20,148,Sports,266.1,10,45.731360463548896
1922.0,2024-04-04,49,Fashion,453.19,3,124.01003092653333
1923.0,2024-07-08,185,Sports,151.0,3,37.74453591201115
1924.0,2023-03-21,94,Fashion,159.29,5,24.89756478172605
1925.0,2023-07-26,27,Fashion,204.75,1,11.38764771963601
1926.0,2023-02-21,134,Electronics,152.58,1,17.87769787373877
1927.0,2023-04-26,139,Fashion,79.11,5,14.667670680455297
1928.0,2023-01-06,118,Beauty,399.43,10,83.2290513362895
1929.0,2024-09-24,71,Electronics,369.88,8,42.340874272008215
1930.0,2023-11-25,106,,118.44,7,10.048333353296323
1931.0,2024-11-29,44,Fashion,50000.0,1,119.86820735168683
1932.0,2023-07-19,14,Fashion,330.84,1,97.96190436599079
1933.0,2024-03-22,71,Sports,200.74,3,36.41876179886029
1934.0,2023-10-02,157,Home & Kitchen,405.64,3,37.69199637787646
1935.0,2024-07-31,111,Beauty,361.43,3,42.67650925597388
1936.0,2023-10-25,79,Sports,126.94,6,6.930628120233857
1937.0,2024-05-25,195,Beauty,217.01,6,60.45349600292347
1938.0,2023-05-19,145,Beauty,473.44,3,37.60901817087711
1939.0,2024-04-12,137,Sports,49.56,2,9.621039131621602
1940.0,2023-10-31,151,Electronics,116.29,3,13.781970403428797
1941.0,2024-01-26,125,Home & Kitchen,313.85,2,59.17469152239544
1942.0,2024-05-22,148,,220.53,3,46.94093456080916
1943.0,2023-02-23,51,Sports,90.07,2,23.187211064976914
1944.0,2024-11-18,18,Fashion,313.17,8,31.81973741931703
1945.0,2023-02-03,152,,369.37,8,19.483882307895733
1946.0,2023-02-04,93,,85.25,5,7.179874990841455
1947.0,2024-07-29,136,Fashion,130.11,1,35.78085637271424
1948.0,2024-08-19,78,Beauty,15.24,2,4.091521195513184
1949.0,2023-09-04,123,Sports,480.18,8,95.72545585003466
1950.0,2024-03-18,84,Electronics,63.02,8,12.612143136132211
1951.0,2023-05-30,42,,329.03,4,71.1557542564886
1952.0,2024-06-25,53,Home & Kitchen,333.0,1,31.249658945402178
1953.0,2023-02-05,167,Fashion,257.44,6,71.7235528397304
1954.0,2024-04-29,33,Sports,389.83,8,60.30382842966922
1955.0,2023-06-01,40,Beauty,31.28,8,4.5601432909110695
1956.0,2023-04-22,193,Home & Kitchen,163.07,3,29.308477550118077
1957.0,2023-12-20,54,Home & Kitchen,155.89,4,9.624881140140833
1958.0,2023-12-31,121,Electronics,484.81,7,44.394460001658715
1959.0,2024-04-20,10,,173.03,10,40.57698916256372
1960.0,2023-09-11,155,Electronics,462.84,3,32.72263386561638
1961.0,2023-09-25,161,,337.13,5,67.69166766610087
1962.0,2024-12-23,176,Fashion,94.08,1,10.474611059704669
1963.0,2023-12-10,166,Home & Kitchen,107.64,2,15.857944973869587
1964.0,2023-06-07,115,Beauty,386.75,3,47.25057567401704
1965.0,2023-08-12,28,Beauty,409.09,1,56.8300378946615
1966.0,2023-04-22,149,,433.42,2,99.58321905623892
1967.0,2023-04-24,26,Beauty,280.07,1,34.80721972364566
1968.0,2023-11-14,177,Sports,179.16,4,34.32726383889802
1969.0,2024-10-22,100,Home & Kitchen,486.66,9,82.25167218355345
1970.0,2023-02-23,172,Home & Kitchen,222.47,9,48.03523103955708
1971.0,2024-03-17,152,Beauty,343.39,5,97.59399104668215
1972.0,2023-01-24,174,Fashion,328.99,4,76.70172356530006
1973.0,2023-05-25,48,Beauty,382.24,5,39.65170257813272
1974.0,2023-07-06,69,Sports,66.98,2,3.8711615966012123
1975.0,2024-06-03,101,Home & Kitchen,153.22,8,17.7070242169048
1976.0,2023-04-13,127,Fashion,361.57,2,71.8690818508228
1977.0,2024-06-21,168,Beauty,69.66,8,4.37858054182822
1978.0,2023-04-26,176,Beauty,299.01,9,52.05511789391042
1979.0,2023-01-26,144,,246.75,9,49.15524324256061
1980.0,2023-12-24,128,Fashion,158.47,3,21.165407344440947
1981.0,2024-03-15,178,Beauty,445.44,6,108.12078300913474
1982.0,2024-09-15,109,Fashion,448.34,9,34.36506520249881
1983.0,2023-06-24,72,Home & Kitchen,52.59,1,3.617373985371546
1984.0,2024-11-13,197,Home & Kitchen,178.59,8,41.44130749260038
1985.0,2023-03-26,96,Sports,36.59,10,6.3620068149962
1986.0,2023-01-13,18,Fashion,406.47,4,90.27723051899548
1987.0,2024-01-09,10,Beauty,347.16,4,55.09666471741914
1988.0,2024-09-18,9,Home & Kitchen,378.22,6,42.20954425292375
1989.0,2024-06-05,163,Beauty,381.06,4,97.08478229323265
1990.0,2023-12-05,69,Sports,343.5,7,85.8248386064611
1991.0,2024-11-05,85,Beauty,354.1,5,79.20300508238813
1992.0,2023-08-06,19,Home & Kitchen,155.81,2,18.391233457950122
1993.0,2023-08-27,187,Electronics,24.65,6,4.869796484580749
1994.0,2023-03-17,200,Beauty,129.9,2,18.217627303127372
1995.0,2023-08-23,162,,102.22,6,7.451379883862136
1996.0,2023-09-07,187,Electronics,462.46,9,129.1782090270672
1997.0,2024-06-26,146,Beauty,175.7,6,14.79475836311538
1998.0,2024-04-20,189,,269.76,4,77.57200714167492
1999.0,2024-08-25,102,Sports,375.14,5,60.585651416861886
1672.0,2023-07-07,100,Electronics,436.66,2,30.591716845153176
1033.0,2023-09-19,156,Sports,334.84,6,96.17320832347653
1751.0,2023-02-11,100,Electronics,358.5,9,102.15745407885771
1611.0,2024-03-30,152,,499.48,7,124.79637651177215
1179.0,2024-03-13,181,Electronics,223.91,6,18.893578650932337
1663.0,2023-05-29,84,Sports,451.43,3,49.344322648345
1577.0,2023-02-26,36,Beauty,463.79,2,130.62501866841237
1871.0,2023-04-30,88,Fashion,310.87,7,36.58509913503414
1677.0,2023-02-15,77,Sports,29.64,8,4.430109988928946
1831.0,2024-06-04,98,Electronics,440.6,3,71.86621270201618
1513.0,2023-05-02,50,Fashion,112.24,9,29.913752739381458
1154.0,2023-12-25,61,Home & Kitchen,486.13,6,144.09506381419658
1047.0,2024-01-28,50,Home & Kitchen,228.72,5,41.17348945094722
1798.0,2023-01-16,140,Fashion,318.59,10,71.41599649473477
1176.0,2024-02-28,153,Sports,266.8,4,59.42554713143448
1544.0,2023-12-08,118,Sports,49.28,4,10.079339922441276
1003.0,2023-08-03,157,Sports,171.36,5,34.21452946300105
1832.0,2024-04-02,176,Beauty,372.51,4,31.74316216541981
1469.0,2024-02-24,87,Beauty,131.48,1,38.23512487141289
1694.0,2023-10-15,39,Beauty,158.21,3,12.452583510497348
